# Blender 5.0.1
# www.blender.org
mtllib Lampara.mtl
o lampara_00
v 1.068352 -0.295136 -0.102171
v 1.041609 -0.295136 -0.485566
v 0.891827 -0.295136 -0.839504
v 0.635237 -0.295136 -1.125630
v 0.299645 -0.295136 -1.312939
v -0.078583 -0.295136 -1.381132
v -0.458460 -0.295136 -1.322820
v -0.798820 -0.295136 -1.144321
v -1.062780 -0.295136 -0.864980
v -1.221736 -0.295136 -0.515065
v -1.258462 -0.295136 -0.132498
v -1.168979 -0.295136 0.241266
v -0.962983 -0.295136 0.565723
v -0.662798 -0.295136 0.805714
v -0.300953 -0.295136 0.935231
v 0.083341 -0.295136 0.940239
v 0.448439 -0.295136 0.820196
v 0.754777 -0.295136 0.588110
v 0.969159 -0.295136 0.269132
v 1.068352 -0.170047 -0.102171
v 1.041609 -0.170047 -0.485566
v 0.891827 -0.170047 -0.839504
v 0.635237 -0.170047 -1.125630
v 0.299645 -0.170047 -1.312939
v -0.078583 -0.170047 -1.381132
v -0.458460 -0.170047 -1.322820
v -0.798820 -0.170047 -1.144321
v -1.062780 -0.170047 -0.864980
v -1.221736 -0.170047 -0.515065
v -1.258462 -0.170047 -0.132498
v -1.168979 -0.170047 0.241266
v -0.962983 -0.170047 0.565723
v -0.662798 -0.170047 0.805714
v -0.300953 -0.170047 0.935231
v 0.083341 -0.170047 0.940239
v 0.448439 -0.170047 0.820196
v 0.754777 -0.170047 0.588110
v 0.969159 -0.170047 0.269132
v 1.001700 -0.077738 -0.108570
v 0.976491 -0.077738 -0.469976
v 0.835299 -0.077738 -0.803615
v 0.593425 -0.077738 -1.073331
v 0.277080 -0.077738 -1.249897
v -0.079456 -0.077738 -1.314179
v -0.437546 -0.077738 -1.259211
v -0.758385 -0.077738 -1.090950
v -1.007207 -0.077738 -0.827629
v -1.157046 -0.077738 -0.497784
v -1.191666 -0.077738 -0.137157
v -1.107315 -0.077738 0.215170
v -0.913134 -0.077738 0.521019
v -0.630165 -0.077738 0.747246
v -0.289072 -0.077738 0.869335
v 0.073182 -0.077738 0.874056
v 0.417341 -0.077738 0.760898
v 0.706109 -0.077738 0.542123
v 0.908196 -0.077738 0.241438
v 1.001700 0.232374 -0.108570
v 0.976491 0.232374 -0.469976
v 0.835299 0.232374 -0.803615
v 0.593425 0.232374 -1.073331
v 0.277080 0.232374 -1.249897
v -0.079456 0.232374 -1.314179
v -0.437546 0.232374 -1.259211
v -0.758385 0.232374 -1.090950
v -1.007207 0.232374 -0.827629
v -1.157046 0.232374 -0.497784
v -1.191666 0.232374 -0.137157
v -1.107315 0.232374 0.215170
v -0.913134 0.232374 0.521019
v -0.630165 0.232374 0.747246
v -0.289072 0.232374 0.869335
v 0.073182 0.232374 0.874056
v 0.417341 0.232374 0.760898
v 0.706109 0.232374 0.542123
v 0.908196 0.232374 0.241438
v 0.945870 0.287696 -0.113930
v 0.921945 0.287696 -0.456917
v 0.787949 0.287696 -0.773553
v 0.558402 0.287696 -1.029524
v 0.258179 0.287696 -1.197091
v -0.080187 0.287696 -1.258097
v -0.420027 0.287696 -1.205930
v -0.724516 0.287696 -1.046244
v -0.960657 0.287696 -0.796343
v -1.102860 0.287696 -0.483308
v -1.135715 0.287696 -0.141060
v -1.055663 0.287696 0.193312
v -0.871378 0.287696 0.483574
v -0.602830 0.287696 0.698271
v -0.279120 0.287696 0.814138
v 0.064672 0.287696 0.818619
v 0.391291 0.287696 0.711227
v 0.665344 0.287696 0.503602
v 0.857131 0.287696 0.218241
v -0.185864 0.201158 0.494210
v 0.025526 0.201158 0.494210
v -0.185864 0.201158 0.136520
v 0.025526 0.201158 0.136520
v -0.185864 0.338822 0.494210
v 0.025526 0.338822 0.494210
v -0.185864 0.338822 0.136520
v 0.025526 0.338822 0.136520
v -0.164524 0.338822 0.472870
v 0.004186 0.338822 0.472870
v 0.004186 0.338822 0.157860
v -0.164524 0.338822 0.157860
v -0.154850 0.318530 0.464229
v -0.005488 0.318530 0.464229
v -0.005488 0.318530 0.163290
v -0.154850 0.318530 0.163290
v -0.154850 0.339858 0.464229
v -0.005488 0.339858 0.464229
v -0.005488 0.432786 0.204712
v -0.154850 0.432786 0.204712
v -0.005488 0.350181 0.315365
v -0.154850 0.350181 0.315365
v -0.005488 0.388384 0.177801
v -0.154850 0.388384 0.177801
v -0.080169 2.724690 -1.046955
v 0.031513 2.723337 -1.000695
v 0.077773 2.720071 -0.889014
v 0.031513 2.716805 -0.777332
v -0.080169 2.715453 -0.731072
v -0.191851 2.716805 -0.777332
v -0.238111 2.720071 -0.889014
v -0.191851 2.723337 -1.000695
v -0.080169 3.148395 -1.022154
v 0.031513 3.144397 -0.976049
v 0.077773 3.134745 -0.864741
v 0.031513 3.125093 -0.753433
v -0.080169 3.121095 -0.707328
v -0.191851 3.125093 -0.753433
v -0.238111 3.134745 -0.864741
v -0.191851 3.144397 -0.976049
v -0.080169 3.466000 -0.985618
v 0.031513 3.459043 -0.939853
v 0.077773 3.442247 -0.829367
v 0.031513 3.425451 -0.718881
v -0.080169 3.418494 -0.673116
v -0.191851 3.425451 -0.718881
v -0.238111 3.442247 -0.829367
v -0.191851 3.459043 -0.939853
v -0.080169 3.775612 -0.931240
v 0.031513 3.764805 -0.886204
v 0.077773 3.738713 -0.777479
v 0.031513 3.712623 -0.668754
v -0.080169 3.701815 -0.623718
v -0.191851 3.712623 -0.668754
v -0.238111 3.738713 -0.777479
v -0.191851 3.764805 -0.886204
v -0.080169 4.006844 -0.870044
v 0.031513 3.990937 -0.826469
v 0.077773 3.952530 -0.721265
v 0.031513 3.914118 -0.616055
v -0.080169 3.898205 -0.572474
v -0.191851 3.914118 -0.616055
v -0.238111 3.952530 -0.721265
v -0.191851 3.990937 -0.826469
v -0.080169 4.209172 -0.795669
v 0.031513 4.186524 -0.754943
v 0.077773 4.131824 -0.656595
v 0.031513 4.077081 -0.558203
v -0.080169 4.054390 -0.517433
v -0.191851 4.077081 -0.558203
v -0.238111 4.131824 -0.656595
v -0.191851 4.186524 -0.754943
v -0.080169 4.592052 -0.582232
v 0.031513 4.566013 -0.543996
v 0.077773 4.503149 -0.451687
v 0.031513 4.440286 -0.359378
v -0.080169 4.414247 -0.321142
v -0.191851 4.440286 -0.359378
v -0.238111 4.503149 -0.451687
v -0.191851 4.566013 -0.543996
v -0.080169 0.529195 -1.046955
v 0.031512 0.529195 -1.000695
v 0.077773 0.529195 -0.889014
v 0.031512 0.529195 -0.777332
v -0.080169 0.529195 -0.731072
v -0.191851 0.529195 -0.777332
v -0.238111 0.529195 -0.889014
v -0.191851 0.529195 -1.000695
v -0.080169 4.297492 -0.753964
v 0.031513 4.273135 -0.714440
v 0.077773 4.214318 -0.619003
v 0.031513 4.155479 -0.523539
v -0.080169 4.131100 -0.483987
v -0.191851 4.155479 -0.523539
v -0.238111 4.214318 -0.619003
v -0.191851 4.273135 -0.714440
v 0.058507 0.075352 -1.027688
v -0.080170 0.075352 -1.085131
v -0.218845 0.075352 -1.027689
v -0.276286 0.075352 -0.889014
v -0.218845 0.075352 -0.750337
v -0.080169 0.075352 -0.692896
v 0.058505 0.075352 -0.750337
v 0.115948 0.075352 -0.889015
v -0.080168 0.484556 -1.085131
v 0.058508 0.484556 -1.027689
v 0.115947 0.484556 -0.889015
v 0.058506 0.484556 -0.750337
v -0.080169 0.484556 -0.692896
v -0.218844 0.484556 -0.750338
v -0.276287 0.484556 -0.889014
v -0.218845 0.484556 -1.027689
v -0.080169 4.568851 -0.641494
v 0.058028 4.537308 -0.593752
v 0.115650 4.461242 -0.478497
v 0.058732 4.384929 -0.362580
v -0.080169 4.353119 -0.314139
v -0.219393 4.384773 -0.362308
v -0.276587 4.461247 -0.478507
v -0.218645 4.537451 -0.594001
v 0.058589 4.325275 -0.715523
v -0.080169 4.355334 -0.764894
v -0.219042 4.325332 -0.715621
v -0.276410 4.252947 -0.596595
v -0.218750 4.180784 -0.477736
v -0.080169 4.151015 -0.428650
v 0.058278 4.180852 -0.477855
v 0.115823 4.252948 -0.596597
v 0.055405 0.078801 -1.289377
v 0.015850 -0.016693 -1.289377
v -0.079644 -0.056248 -1.289377
v -0.175138 -0.016693 -1.289377
v -0.214693 0.078801 -1.289377
v -0.175138 0.174295 -1.289377
v -0.079644 0.213850 -1.289377
v 0.015850 0.174295 -1.289377
v 0.025025 0.078801 -1.378271
v -0.005632 0.004789 -1.378271
v -0.079644 -0.025868 -1.378271
v -0.153656 0.004789 -1.378271
v -0.184313 0.078801 -1.378271
v -0.153656 0.152813 -1.378271
v -0.079644 0.183470 -1.378271
v -0.005632 0.152813 -1.378271
v -0.272537 4.489361 -0.175046
v 0.082250 4.477202 -0.157283
v -0.258247 4.423775 -0.244130
v 0.066811 4.406062 -0.231510
v -0.242589 4.773768 -0.590562
v 0.112199 4.761610 -0.572799
v -0.215418 4.562300 -0.595150
v 0.055080 4.562300 -0.595150
v -0.215418 4.396387 -0.352753
v 0.088311 4.415860 -0.343322
v -0.227149 4.678825 -0.630014
v 0.097909 4.673471 -0.608935
v -0.251048 4.399683 -0.291999
v 0.058013 4.376615 -0.290021
v -0.251048 4.620128 -0.614067
v 0.058013 4.613623 -0.636287
v -0.242589 4.477202 -0.157283
v 0.112199 4.489361 -0.175046
v -0.227149 4.406062 -0.231510
v 0.097909 4.423775 -0.244130
v -0.272537 4.761610 -0.572799
v 0.082250 4.773768 -0.590562
v -0.248649 4.578140 -0.580411
v 0.088311 4.578140 -0.580411
v -0.248649 4.415860 -0.343322
v 0.055080 4.396387 -0.352753
v -0.258247 4.673471 -0.608935
v 0.066811 4.678825 -0.630014
v -0.218351 4.376615 -0.290021
v 0.090710 4.399683 -0.291999
v -0.218351 4.613623 -0.636287
v 0.090710 4.620128 -0.614067
v 1.081738 3.949957 1.308061
v 1.034082 3.627013 1.110022
v 0.878378 3.342115 0.914428
v 0.618902 3.114333 0.758047
v 0.283772 2.968352 0.657825
v -0.090695 2.919989 0.624623
v -0.463921 2.974487 0.662038
v -0.795460 3.125939 0.766016
v -1.049385 3.357934 0.925289
v -1.198179 3.645330 1.122598
v -1.225719 3.956985 1.336561
v -1.129019 4.259125 1.543992
v -0.918558 4.519010 1.722413
v -0.617144 4.708475 1.852489
v -0.257439 4.806991 1.920124
v 0.121577 4.803881 1.917988
v 0.478832 4.699481 1.846314
v 0.775612 4.505107 1.712868
v 0.991372 4.256955 1.518827
v 0.312333 4.650307 0.188915
v 0.300379 4.544216 0.116079
v 0.247288 4.447073 0.049386
v 0.158813 4.369404 -0.003936
v 0.044541 4.319628 -0.038109
v -0.083143 4.303138 -0.049431
v -0.210404 4.321720 -0.036673
v -0.323451 4.373362 -0.001219
v -0.410033 4.452466 0.053089
v -0.460768 4.550461 0.120367
v -0.470159 4.656728 0.193323
v -0.437186 4.759751 0.264052
v -0.365424 4.848365 0.324890
v -0.262649 4.912969 0.369242
v -0.139999 4.946560 0.392304
v -0.010763 4.945499 0.391576
v 0.111052 4.909902 0.367137
v 0.212247 4.843625 0.321635
v 0.281855 4.753850 0.260001
v 0.257301 5.024828 -0.563890
v 0.300379 4.969266 -0.503041
v 0.267898 5.118881 -0.499319
v 0.312333 5.075358 -0.430205
v 0.210234 4.938709 -0.623014
v 0.247288 4.872123 -0.569734
v 0.131799 4.869854 -0.670285
v 0.158813 4.794455 -0.623056
v 0.030495 4.825727 -0.700581
v 0.044541 4.744678 -0.657229
v -0.082700 4.811108 -0.710617
v -0.083143 4.728188 -0.668550
v -0.195519 4.827582 -0.699307
v -0.210404 4.746770 -0.655793
v -0.295738 4.873363 -0.667877
v -0.323451 4.798412 -0.620339
v -0.372495 4.943491 -0.619731
v -0.410033 4.877516 -0.566031
v -0.417472 5.030365 -0.560088
v -0.460769 4.975512 -0.498753
v -0.425797 5.124573 -0.495411
v -0.470159 5.081779 -0.425797
v -0.396566 5.215905 -0.432708
v -0.437186 5.184801 -0.355067
v -0.332948 5.294463 -0.378775
v -0.365425 5.273415 -0.294230
v -0.241836 5.351736 -0.339455
v -0.262650 5.338019 -0.249878
v -0.133103 5.381515 -0.319010
v -0.139999 5.371610 -0.226816
v -0.018534 5.380575 -0.319656
v -0.010763 5.370550 -0.227544
v 0.089458 5.349016 -0.341322
v 0.111052 5.334952 -0.251983
v 0.179170 5.290261 -0.381660
v 0.212247 5.268675 -0.297485
v 0.240879 5.210674 -0.436300
v 0.281855 5.178900 -0.359119
v 0.177298 5.067103 -0.588171
v 0.141420 5.001457 -0.633240
v 0.081631 4.948971 -0.669274
v 0.004410 4.915333 -0.692367
v -0.081876 4.904189 -0.700018
v -0.167876 4.916747 -0.691397
v -0.244270 4.951645 -0.667438
v -0.302780 5.005102 -0.630738
v -0.337065 5.071324 -0.585273
v -0.343411 5.143137 -0.535971
v -0.321129 5.212756 -0.488175
v -0.272635 5.272640 -0.447062
v -0.203182 5.316297 -0.417090
v -0.120298 5.338997 -0.401505
v -0.032964 5.338281 -0.401997
v 0.049356 5.314225 -0.418513
v 0.117740 5.269436 -0.449262
v 0.164780 5.208769 -0.490912
v 0.185376 5.138797 -0.538950
v 0.989846 3.801910 0.875892
v 0.835163 4.042797 0.597132
v 0.582468 4.313035 0.321309
v 0.603305 4.497962 0.448269
v 0.863957 4.298345 0.772576
v 1.023511 4.100688 1.081015
v 0.840329 3.528332 0.688070
v 0.707279 3.808802 0.436486
v 0.489925 4.143704 0.205057
v 0.591163 3.309601 0.537903
v 0.494164 3.621718 0.308046
v 0.335705 4.008322 0.112112
v 0.269349 3.169420 0.441663
v 0.218913 3.501820 0.225731
v 0.136519 3.921557 0.052544
v -0.090240 3.122979 0.409779
v -0.088648 3.462099 0.198461
v -0.086047 3.892813 0.032810
v -0.448636 3.175312 0.445708
v -0.395188 3.506859 0.229190
v -0.307875 3.925204 0.055048
v -0.767002 3.320746 0.545554
v -0.667491 3.631251 0.314590
v -0.504926 4.015220 0.116848
v -1.010838 3.543522 0.698499
v -0.876046 3.821794 0.445406
v -0.655847 4.153107 0.211512
v -1.153720 3.819499 0.887968
v -0.998255 4.057841 0.607461
v -0.744283 4.323922 0.328784
v -1.180165 4.118771 1.093430
v -1.020873 4.313811 0.783195
v -0.760651 4.509154 0.455953
v -1.087307 4.408906 1.292619
v -0.941451 4.561967 0.953564
v -0.703177 4.688732 0.579241
v -0.885209 4.658464 1.463951
v -0.768594 4.775417 1.100106
v -0.578090 4.843195 0.685286
v -0.595771 4.840402 1.588858
v -0.521035 4.931031 1.206941
v -0.398943 4.955805 0.762597
v -0.250358 4.935003 1.653805
v -0.225599 5.011944 1.262491
v -0.185151 5.014358 0.802796
v 0.113598 4.932016 1.651755
v 0.085697 5.009390 1.260737
v 0.040118 5.012509 0.801526
v 0.456658 4.831766 1.582928
v 0.379121 4.923644 1.201869
v 0.252454 4.950459 0.758927
v 0.741645 4.645114 1.454785
v 0.622874 4.763999 1.092266
v 0.428846 4.834932 0.679612
v 0.937678 4.392289 1.281210
v 0.790543 4.547754 0.943805
v 0.550179 4.678447 0.572179
v 1.046309 3.934007 1.326735
v 1.011947 3.629052 1.117371
v 0.859339 3.349818 0.925666
v 0.605022 3.126565 0.772394
v 0.276555 2.983486 0.674165
v -0.090468 2.936085 0.641622
v -0.456273 2.989499 0.678293
v -0.781220 3.137941 0.780204
v -1.030097 3.365322 0.936311
v -1.175933 3.647005 1.129697
v -1.202924 3.952463 1.339406
v -1.108147 4.248596 1.542713
v -0.901871 4.503314 1.717587
v -0.606449 4.689013 1.845076
v -0.253896 4.785570 1.911366
v 0.117585 4.782521 1.909273
v 0.467737 4.680198 1.839024
v 0.758616 4.489687 1.708231
v 0.958701 4.231635 1.531068
v 0.260654 4.634757 0.204914
v 0.250277 4.542667 0.141691
v 0.204193 4.458345 0.083800
v 0.127395 4.390927 0.037516
v 0.028205 4.347721 0.007852
v -0.082627 4.333407 -0.001975
v -0.193092 4.349536 0.009099
v -0.291219 4.394363 0.039874
v -0.366374 4.463027 0.087015
v -0.410414 4.548089 0.145413
v -0.418564 4.640330 0.208741
v -0.389944 4.729756 0.270135
v -0.327653 4.806675 0.322943
v -0.238442 4.862752 0.361442
v -0.131979 4.891910 0.381460
v -0.019800 4.890989 0.380828
v 0.085938 4.860090 0.359614
v 0.173777 4.802560 0.320117
v 0.234198 4.724634 0.266618
v 0.218239 5.011139 -0.525741
v 0.247560 4.973069 -0.483957
v 0.227607 5.094275 -0.468665
v 0.257850 5.064399 -0.421255
v 0.176636 4.935016 -0.578003
v 0.201855 4.889442 -0.541370
v 0.107304 4.874153 -0.619787
v 0.125691 4.822581 -0.587273
v 0.017759 4.835147 -0.646566
v 0.027319 4.779730 -0.616691
v -0.082298 4.822225 -0.655438
v -0.082599 4.765534 -0.626438
v -0.182022 4.836787 -0.645441
v -0.192153 4.781531 -0.615455
v -0.270608 4.877254 -0.617658
v -0.289471 4.825987 -0.584934
v -0.338456 4.939242 -0.575101
v -0.364006 4.894085 -0.538182
v -0.378214 5.016033 -0.522380
v -0.407682 4.978446 -0.480266
v -0.385572 5.099307 -0.465210
v -0.415766 5.069926 -0.417460
v -0.359734 5.180037 -0.409785
v -0.387381 5.158615 -0.356572
v -0.303500 5.249477 -0.362112
v -0.325604 5.234899 -0.304200
v -0.222963 5.300103 -0.327356
v -0.237129 5.290514 -0.266018
v -0.126851 5.326426 -0.309284
v -0.131544 5.319431 -0.246165
v -0.025579 5.325594 -0.309855
v -0.020291 5.318519 -0.246792
v 0.069878 5.297699 -0.329006
v 0.084576 5.287874 -0.267831
v 0.149177 5.245763 -0.364662
v 0.171690 5.230818 -0.307002
v 0.203723 5.175414 -0.412960
v 0.231613 5.153535 -0.360060
v 0.162856 5.039527 -0.541272
v 0.128998 4.977576 -0.583804
v 0.072575 4.928045 -0.617809
v -0.000299 4.896301 -0.639602
v -0.081728 4.885785 -0.646822
v -0.162886 4.897635 -0.638686
v -0.234979 4.930569 -0.616076
v -0.290195 4.981016 -0.581442
v -0.322550 5.043510 -0.538537
v -0.328539 5.111280 -0.492011
v -0.307511 5.176980 -0.446905
v -0.261747 5.233493 -0.408107
v -0.196204 5.274692 -0.379822
v -0.117986 5.296114 -0.365115
v -0.035569 5.295438 -0.365579
v 0.042116 5.272737 -0.381165
v 0.106651 5.230470 -0.410183
v 0.151042 5.173217 -0.449488
v 0.170479 5.107185 -0.494822
v 0.937985 3.803524 0.897719
v 0.787456 4.037838 0.626594
v 0.540186 4.302171 0.356844
v 0.559692 4.475282 0.475691
v 0.814748 4.280054 0.792885
v 0.970018 4.087808 1.092892
v 0.795721 3.543217 0.719008
v 0.666244 3.816052 0.474329
v 0.453556 4.143661 0.248021
v 0.558642 3.335096 0.576125
v 0.464248 3.638729 0.352590
v 0.309190 4.016929 0.161014
v 0.252439 3.201715 0.484554
v 0.203357 3.525085 0.274570
v 0.122733 3.935709 0.105253
v -0.089706 3.157527 0.454217
v -0.088157 3.487437 0.248723
v -0.085612 3.908801 0.086780
v -0.430717 3.207321 0.488403
v -0.378704 3.529862 0.277849
v -0.293265 3.939122 0.107597
v -0.733639 3.345700 0.583406
v -0.636800 3.647764 0.358793
v -0.477725 4.023386 0.165448
v -0.965646 3.557670 0.728931
v -0.834474 3.828366 0.482784
v -0.619002 4.152462 0.254063
v -1.101597 3.820260 0.909209
v -0.950307 4.052097 0.636384
v -0.701787 4.312362 0.363841
v -1.126759 4.105013 1.104704
v -0.971745 4.294713 0.802950
v -0.717109 4.485759 0.482885
v -1.038406 4.381074 1.294231
v -0.896467 4.529922 0.964430
v -0.663308 4.653862 0.598294
v -0.846111 4.618526 1.457251
v -0.732629 4.732236 1.103326
v -0.546213 4.798455 0.697563
v -0.570714 4.791638 1.576099
v -0.497985 4.879731 1.204587
v -0.378514 4.903869 0.769934
v -0.242057 4.881650 1.637896
v -0.217963 4.956423 1.257239
v -0.178383 4.958680 0.807564
v 0.104244 4.878808 1.635945
v 0.077092 4.954001 1.255577
v 0.032492 4.956950 0.806376
v 0.430662 4.783421 1.570457
v 0.355207 4.872729 1.199780
v 0.231259 4.898865 0.766498
v 0.701825 4.605824 1.448530
v 0.586243 4.721413 1.095896
v 0.396380 4.790720 0.692252
v 0.888348 4.365263 1.283375
v 0.745164 4.516451 0.955181
v 0.509960 4.644234 0.591684
v 1.069141 3.938154 1.323632
v 1.046294 3.635403 1.092107
v 0.888883 3.347380 0.894368
v 0.626560 3.117100 0.736272
v 0.287754 2.969517 0.634950
v -0.090821 2.920624 0.601383
v -0.468141 2.975720 0.639209
v -0.803317 3.128833 0.744327
v -1.060027 3.363373 0.905348
v -1.210454 3.653922 1.104821
v -1.238295 3.968995 1.321131
v -1.140534 4.274449 1.530838
v -0.927765 4.537184 1.711216
v -0.623045 4.728729 1.842719
v -0.259394 4.828325 1.911095
v 0.123780 4.825181 1.908937
v 0.484954 4.719636 1.836476
v 0.784989 4.523129 1.701566
v 0.979755 4.241820 1.532111
v 1.026857 3.939989 1.315517
v 0.993089 3.640304 1.109772
v 0.843119 3.365897 0.921380
v 0.593197 3.146502 0.770757
v 0.270406 3.005895 0.674225
v -0.090273 2.959314 0.642245
v -0.449757 3.011805 0.678283
v -0.769089 3.157680 0.778432
v -1.013664 3.381132 0.931841
v -1.156980 3.657947 1.121885
v -1.183505 3.958127 1.327970
v -1.090365 4.249142 1.527763
v -0.887654 4.499457 1.699615
v -0.597338 4.681947 1.824901
v -0.250877 4.776835 1.890046
v 0.114183 4.773839 1.887989
v 0.458284 4.673285 1.818954
v 0.744136 4.486066 1.690421
v 0.940763 4.232474 1.516320
v -0.166827 4.796902 0.354766
v -0.082627 4.809071 0.363272
v 0.001572 4.796902 0.354766
v -0.295827 4.708182 0.292753
v -0.240870 4.761864 0.330275
v -0.325069 4.572255 0.197743
v -0.325069 4.642332 0.246725
v -0.240870 4.452723 0.114193
v -0.295827 4.506405 0.151715
v -0.082627 4.405516 0.081196
v -0.166827 4.417685 0.089702
v 0.075615 4.452723 0.114193
v 0.001572 4.417685 0.089702
v 0.159815 4.572255 0.197743
v 0.130573 4.506405 0.151715
v 0.130573 4.708182 0.292753
v 0.159815 4.642332 0.246725
v 0.075616 4.761863 0.330275
v -0.185539 4.852912 0.364374
v -0.082627 4.864681 0.373641
v 0.020285 4.852912 0.364374
v 0.108733 4.807595 0.333739
v 0.177954 4.744475 0.288579
v 0.210553 4.663047 0.232703
v 0.213695 4.578340 0.172454
v 0.175191 4.498674 0.117810
v 0.110783 4.432243 0.070335
v 0.019193 4.391387 0.042819
v -0.082627 4.374546 0.030006
v -0.184448 4.391387 0.042819
v -0.276038 4.432243 0.070336
v -0.340446 4.498674 0.117810
v -0.378950 4.578340 0.172454
v -0.375807 4.663048 0.232704
v -0.343209 4.744475 0.288579
v -0.273987 4.807595 0.333739
v 0.007210 5.129668 -0.094270
v -0.172465 5.129669 -0.094270
v -0.310103 5.035008 -0.160436
v -0.341303 4.889979 -0.261808
v -0.251466 4.762444 -0.350952
v -0.082627 4.712076 -0.386159
v 0.086211 4.762444 -0.350953
v 0.176049 4.889979 -0.261808
v 0.144849 5.035007 -0.160436
vn -0.0000 -1.0000 -0.0000
vn 0.9725 -0.0000 -0.2328
vn 0.9954 -0.0000 0.0955
vn 0.8443 -0.0000 -0.5359
vn 0.9725 -0.0000 -0.2329
vn 0.6245 -0.0000 -0.7810
vn 0.8442 -0.0000 -0.5360
vn 0.3371 -0.0000 -0.9415
vn 0.6244 -0.0000 -0.7811
vn 0.0131 -0.0000 -0.9999
vn 0.3369 -0.0000 -0.9415
vn -0.3123 -0.0000 -0.9500
vn 0.0130 -0.0000 -0.9999
vn -0.6038 -0.0000 -0.7971
vn -0.3124 -0.0000 -0.9500
vn -0.8299 -0.0000 -0.5579
vn -0.6039 -0.0000 -0.7970
vn -0.9661 -0.0000 -0.2582
vn -0.8300 -0.0000 -0.5578
vn -0.9976 -0.0000 0.0695
vn -0.9661 -0.0000 -0.2580
vn -0.9661 0.0001 -0.2580
vn -0.9210 -0.0000 0.3897
vn -0.9976 -0.0000 0.0696
vn -0.7445 -0.0000 0.6676
vn -0.9209 -0.0000 0.3898
vn -0.4874 -0.0000 0.8732
vn -0.7445 -0.0000 0.6677
vn -0.1775 -0.0000 0.9841
vn -0.4873 -0.0000 0.8732
vn 0.1517 -0.0000 0.9884
vn -0.1774 -0.0000 0.9841
vn 0.4644 -0.0000 0.8856
vn 0.1518 -0.0000 0.9884
vn 0.1518 0.0001 0.9884
vn 0.7268 -0.0000 0.6869
vn 0.4645 -0.0000 0.8856
vn 0.9104 -0.0000 0.4136
vn 0.7269 -0.0000 0.6868
vn 0.9954 -0.0000 0.0956
vn 0.9105 -0.0000 0.4135
vn -0.1289 0.9109 -0.3920
vn -0.2492 0.9109 -0.3289
vn -0.3425 0.9109 -0.2302
vn -0.3987 0.9109 -0.1065
vn -0.4116 0.9109 0.0287
vn -0.3800 0.9109 0.1608
vn -0.3072 0.9109 0.2755
vn -0.2011 0.9109 0.3603
vn -0.0732 0.9109 0.4061
vn 0.0626 0.9109 0.4079
vn 0.1917 0.9109 0.3654
vn 0.1916 0.9109 0.3655
vn -0.3425 0.9109 -0.2301
vn 0.2999 0.9109 0.2834
vn 0.3757 0.9109 0.1707
vn 0.4108 0.9109 0.0394
vn 0.4108 0.9109 0.0395
vn 0.4013 0.9109 -0.0961
vn 0.3484 0.9109 -0.2212
vn 0.2577 0.9109 -0.3223
vn 0.1391 0.9109 -0.3885
vn 0.3484 0.9109 -0.2211
vn 0.1916 0.9109 0.3654
vn 0.1390 0.9109 -0.3885
vn 0.0054 0.9109 -0.4126
vn 0.7872 0.5872 -0.1884
vn 0.8058 0.5872 0.0773
vn 0.6834 0.5871 -0.4338
vn 0.7872 0.5872 -0.1885
vn 0.6834 0.5872 -0.4338
vn 0.5055 0.5872 -0.6322
vn 0.6834 0.5872 -0.4339
vn 0.6834 0.5871 -0.4339
vn 0.2728 0.5872 -0.7621
vn 0.5054 0.5872 -0.6323
vn 0.0106 0.5872 -0.8094
vn -0.2528 0.5872 -0.7690
vn 0.0105 0.5872 -0.8094
vn -0.4888 0.5872 -0.6452
vn -0.2529 0.5872 -0.7690
vn -0.2529 0.5871 -0.7690
vn -0.6718 0.5872 -0.4516
vn -0.4889 0.5872 -0.6452
vn -0.4889 0.5871 -0.6452
vn -0.7820 0.5872 -0.2090
vn -0.6719 0.5872 -0.4515
vn -0.6718 0.5872 -0.4515
vn -0.8075 0.5872 0.0563
vn -0.7821 0.5872 -0.2089
vn -0.7820 0.5872 -0.2089
vn -0.7455 0.5872 0.3154
vn -0.8075 0.5872 0.0564
vn -0.8075 0.5871 0.0564
vn -0.6027 0.5872 0.5404
vn -0.7455 0.5872 0.3155
vn -0.7455 0.5871 0.3155
vn -0.3945 0.5872 0.7068
vn -0.6026 0.5872 0.5405
vn -0.6026 0.5871 0.5405
vn -0.1437 0.5872 0.7966
vn 0.1228 0.5872 0.8001
vn -0.1436 0.5872 0.7966
vn -0.1436 0.5871 0.7966
vn 0.3759 0.5872 0.7169
vn 0.1229 0.5872 0.8001
vn 0.5883 0.5872 0.5560
vn 0.3760 0.5872 0.7169
vn 0.3760 0.5871 0.7169
vn 0.7370 0.5872 0.3348
vn 0.5884 0.5872 0.5559
vn 0.5884 0.5871 0.5559
vn 0.8058 0.5872 0.0774
vn 0.9027 0.3721 -0.2161
vn 0.9239 0.3721 0.0887
vn 0.7836 0.3721 -0.4975
vn 0.5796 0.3721 -0.7250
vn 0.5796 0.3721 -0.7249
vn 0.3128 0.3721 -0.8739
vn 0.0121 0.3721 -0.9281
vn -0.2899 0.3721 -0.8817
vn -0.5605 0.3721 -0.7398
vn -0.7704 0.3721 -0.5177
vn -0.7703 0.3721 -0.5178
vn -0.8967 0.3721 -0.2395
vn -0.8967 0.3721 -0.2396
vn -0.9259 0.3721 0.0646
vn -0.8548 0.3721 0.3618
vn -0.8548 0.3721 0.3617
vn -0.6910 0.3721 0.6197
vn -0.4523 0.3721 0.8105
vn -0.4524 0.3721 0.8105
vn -0.1647 0.3721 0.9135
vn -0.1647 0.3721 0.9134
vn 0.1409 0.3721 0.9174
vn -0.1774 0.0001 0.9841
vn 0.1408 0.3721 0.9174
vn 0.4311 0.3721 0.8220
vn 0.6747 0.3721 0.6375
vn 0.6746 0.3721 0.6375
vn 0.8451 0.3721 0.3839
vn 0.9027 0.3722 -0.2161
vn 0.9239 0.3722 0.0887
vn 0.7836 0.3722 -0.4974
vn 0.9026 0.3722 -0.2161
vn 0.7836 0.3722 -0.4975
vn 0.5796 0.3722 -0.7249
vn 0.3128 0.3722 -0.8739
vn 0.0122 0.3722 -0.9281
vn 0.0121 0.3722 -0.9281
vn -0.2899 0.3722 -0.8817
vn -0.5604 0.3722 -0.7398
vn -0.5605 0.3722 -0.7398
vn -0.7703 0.3722 -0.5178
vn -0.8967 0.3722 -0.2396
vn -0.9259 0.3722 0.0645
vn -0.4117 0.9109 0.0287
vn -0.9259 0.3722 0.0646
vn -0.8548 0.3722 0.3617
vn -0.6910 0.3722 0.6196
vn -0.6910 0.3722 0.6197
vn -0.4524 0.3722 0.8104
vn -0.2011 0.9109 0.3604
vn -0.4524 0.3722 0.8105
vn -0.1647 0.3722 0.9134
vn 0.1408 0.3722 0.9174
vn 0.4310 0.3722 0.8220
vn 0.1917 0.9109 0.3655
vn 0.4311 0.3722 0.8220
vn 0.6746 0.3722 0.6375
vn 0.3000 0.9109 0.2834
vn 0.8450 0.3722 0.3839
vn -0.0000 0.9976 0.0692
vn -0.0000 -0.0000 1.0000
vn 1.0000 -0.0000 -0.0000
vn -0.0000 -0.0000 -1.0000
vn -1.0000 -0.0000 -0.0000
vn -0.0000 1.0000 -0.0000
vn -0.0000 0.3918 -0.9201
vn -0.9027 0.4303 -0.0000
vn -0.0000 0.2585 0.9660
vn 0.9027 0.4303 -0.0000
vn -0.0000 0.3661 -0.9306
vn -0.0000 0.2034 -0.9791
vn -0.0000 0.8013 0.5982
vn -0.0000 0.3662 -0.9305
vn -0.0000 0.5183 -0.8552
vn 0.7071 -0.0000 -0.7071
vn -0.0000 0.0001 -1.0000
vn 0.7071 -0.0001 0.7071
vn 0.7071 -0.0000 0.7071
vn -0.0000 0.0001 1.0000
vn -0.7071 -0.0000 0.7071
vn -0.7071 -0.0000 -0.7071
vn -0.7071 -0.0001 -0.7071
vn -0.0000 0.0293 -0.9996
vn -0.0000 0.0864 -0.9963
vn 0.7038 0.0614 -0.7078
vn 0.7036 0.0208 -0.7103
vn -0.0000 0.0292 -0.9996
vn 0.7037 0.0208 -0.7102
vn 0.7038 0.0614 -0.7077
vn 1.0000 0.0006 -0.0068
vn 1.0000 0.0002 -0.0071
vn 0.7037 0.0207 -0.7102
vn 1.0000 0.0006 -0.0067
vn 0.7106 -0.0608 0.7009
vn 0.7106 -0.0607 0.7009
vn 0.7108 -0.0206 0.7031
vn 0.7106 -0.0608 0.7010
vn -0.0000 -0.0864 0.9963
vn -0.0000 -0.0292 0.9996
vn -0.7106 -0.0608 0.7010
vn -0.7108 -0.0206 0.7031
vn -0.7108 -0.0205 0.7031
vn -0.7106 -0.0608 0.7009
vn -1.0000 0.0006 -0.0067
vn -1.0000 0.0002 -0.0071
vn -1.0000 0.0006 -0.0068
vn -0.7038 0.0614 -0.7077
vn -0.7038 0.0613 -0.7077
vn -0.7037 0.0208 -0.7102
vn -0.7036 0.0208 -0.7103
vn -0.7038 0.0614 -0.7078
vn -0.0000 0.1437 -0.9896
vn 0.7037 0.1020 -0.7032
vn 1.0000 0.0010 -0.0071
vn 1.0000 0.0010 -0.0070
vn 0.7108 -0.1007 0.6961
vn 1.0000 0.0005 -0.0068
vn 0.7108 -0.1007 0.6962
vn -0.0000 -0.1430 0.9897
vn -0.0000 -0.1431 0.9897
vn -0.7108 -0.1007 0.6961
vn -0.7108 -0.1008 0.6961
vn -1.0000 0.0010 -0.0071
vn -1.0000 0.0010 -0.0072
vn -0.7037 0.1021 -0.7031
vn -0.7037 0.1021 -0.7032
vn -0.7038 0.0613 -0.7078
vn -0.0001 0.2147 -0.9767
vn 0.7022 0.1525 -0.6955
vn 0.7037 0.1020 -0.7031
vn 0.7022 0.1525 -0.6954
vn 0.9999 0.0021 -0.0099
vn 0.7124 -0.1492 0.6857
vn 0.7108 -0.1006 0.6961
vn 0.7124 -0.1492 0.6858
vn 0.0001 -0.2122 0.9772
vn 0.0001 -0.1431 0.9897
vn -0.7124 -0.1493 0.6857
vn -0.7108 -0.1008 0.6962
vn -0.9999 0.0021 -0.0101
vn -0.7022 0.1527 -0.6954
vn -0.7022 0.1526 -0.6954
vn -0.7036 0.1021 -0.7032
vn -0.7022 0.1526 -0.6955
vn -0.7036 0.1020 -0.7032
vn -0.0003 0.3009 -0.9537
vn 0.7018 0.2133 -0.6797
vn 0.7022 0.1526 -0.6954
vn 0.7019 0.2133 -0.6796
vn 0.9999 0.0030 -0.0101
vn 0.9999 0.0030 -0.0100
vn 0.7126 -0.2061 0.6706
vn 0.7126 -0.2060 0.6707
vn 0.7125 -0.2061 0.6707
vn 0.0004 -0.2926 0.9562
vn 0.0001 -0.2123 0.9772
vn 0.0003 -0.2926 0.9562
vn -0.7126 -0.2065 0.6705
vn -0.9999 0.0032 -0.0107
vn -0.7019 0.2137 -0.6795
vn -0.7018 0.2137 -0.6795
vn 0.0002 0.3869 -0.9221
vn 0.7017 0.2737 -0.6578
vn 0.7018 0.2134 -0.6797
vn 1.0000 0.0031 -0.0088
vn 1.0000 0.0032 -0.0088
vn 1.0000 0.0032 -0.0087
vn 0.7116 -0.2596 0.6529
vn 0.7115 -0.2597 0.6529
vn 0.0004 -0.3655 0.9308
vn 0.0003 -0.3655 0.9308
vn 0.7126 -0.2061 0.6707
vn -0.7115 -0.2590 0.6532
vn -0.7126 -0.2066 0.6705
vn -1.0000 0.0033 -0.0092
vn -1.0000 0.0033 -0.0093
vn -0.7020 0.2728 -0.6579
vn -0.7020 0.2727 -0.6579
vn -0.7019 0.2727 -0.6580
vn 0.0002 0.3868 -0.9221
vn -0.0003 0.3009 -0.9536
vn 0.0008 0.4262 -0.9046
vn 0.0008 0.4263 -0.9046
vn 0.6919 0.3058 -0.6540
vn 0.9996 0.0131 -0.0265
vn 0.7017 0.2738 -0.6578
vn 0.6920 0.3058 -0.6539
vn 0.7227 -0.2804 0.6317
vn 1.0000 0.0031 -0.0087
vn -0.0000 -0.4015 0.9159
vn 0.7227 -0.2804 0.6318
vn -0.7227 -0.2804 0.6318
vn -0.7115 -0.2590 0.6533
vn -0.7227 -0.2804 0.6317
vn -0.9996 0.0131 -0.0264
vn -1.0000 0.0032 -0.0093
vn -0.9996 0.0131 -0.0265
vn -0.6926 0.3063 -0.6531
vn -0.7019 0.2728 -0.6579
vn -0.7019 0.2728 -0.6580
vn -0.6925 0.3064 -0.6531
vn -0.6925 0.3063 -0.6531
vn 0.0007 0.4263 -0.9046
vn 0.7036 0.0207 -0.7103
vn 0.7108 -0.0205 0.7031
vn -0.7036 0.0207 -0.7103
vn 0.6981 0.3585 -0.6198
vn 0.7113 0.3504 -0.6094
vn 0.0008 0.4991 -0.8666
vn 0.0008 0.4991 -0.8665
vn 0.0013 0.5004 -0.8658
vn 0.9998 0.0108 -0.0149
vn 1.0000 -0.0039 0.0071
vn 0.7113 0.3504 -0.6093
vn 0.7167 -0.3436 0.6069
vn 0.7035 -0.3509 0.6181
vn 1.0000 -0.0040 0.0071
vn 0.9998 0.0107 -0.0148
vn 0.0011 -0.4930 0.8700
vn 0.0006 -0.4930 0.8700
vn 0.7034 -0.3509 0.6181
vn -0.7027 -0.3519 0.6184
vn 0.0006 -0.4930 0.8701
vn 0.0010 -0.4930 0.8700
vn 0.0010 -0.4930 0.8701
vn -0.7155 -0.3453 0.6073
vn -1.0000 -0.0051 0.0065
vn -0.7156 -0.3453 0.6073
vn -0.9998 0.0097 -0.0156
vn -1.0000 -0.0051 0.0064
vn -0.7107 0.3497 -0.6105
vn -0.9998 0.0097 -0.0157
vn -0.6969 0.3585 -0.6211
vn -0.7106 0.3497 -0.6105
vn 0.0007 0.4991 -0.8666
vn 0.0012 0.5004 -0.8658
vn 0.5374 0.6499 -0.5374
vn -0.0000 0.6500 -0.7600
vn -0.0000 0.6499 -0.7600
vn 0.5374 0.6500 -0.5374
vn 0.7600 0.6499 -0.0000
vn 0.5374 0.6500 -0.5373
vn 0.7600 0.6500 -0.0000
vn 0.5374 0.6499 0.5374
vn 0.5374 0.6500 0.5374
vn -0.0000 0.6499 0.7600
vn 0.5373 0.6500 0.5374
vn -0.0000 0.6500 0.7600
vn -0.5374 0.6499 0.5374
vn -0.5374 0.6500 0.5374
vn -0.7600 0.6499 -0.0000
vn -0.7600 0.6500 -0.0000
vn -0.5374 0.6499 -0.5374
vn -0.5374 0.6500 -0.5374
vn 0.5755 0.8025 -0.1575
vn -0.0005 0.9318 -0.3630
vn -0.0013 0.9315 -0.3637
vn 0.5710 0.8058 -0.1570
vn 0.7975 0.5025 0.3339
vn 0.5711 0.8058 -0.1569
vn 0.5710 0.8058 -0.1569
vn 0.7936 0.5089 0.3334
vn 0.5498 0.2196 0.8059
vn 0.7975 0.5025 0.3340
vn 0.7936 0.5088 0.3335
vn 0.5482 0.2249 0.8055
vn -0.0007 0.1119 0.9937
vn 0.5497 0.2196 0.8060
vn 0.5482 0.2249 0.8056
vn -0.0017 0.1128 0.9936
vn -0.5456 0.2295 0.8060
vn -0.0018 0.1128 0.9936
vn -0.0018 0.1127 0.9936
vn -0.5494 0.2266 0.8042
vn -0.7889 0.5118 0.3402
vn -0.5457 0.2295 0.8060
vn -0.5495 0.2266 0.8042
vn -0.7930 0.5095 0.3341
vn -0.5722 0.8063 -0.1496
vn -0.7930 0.5095 0.3340
vn -0.5723 0.8052 -0.1552
vn -0.5722 0.8064 -0.1495
vn -0.0006 0.9318 -0.3631
vn -0.5722 0.8064 -0.1496
vn -0.5722 0.8053 -0.1553
vn -0.0014 0.9315 -0.3637
vn -0.0006 0.9318 -0.3630
vn -0.0001 -0.1851 -0.9827
vn 0.5289 -0.2896 -0.7977
vn 0.5310 -0.2929 -0.7951
vn -0.0005 -0.1853 -0.9827
vn -0.0002 -0.1851 -0.9827
vn -0.5274 -0.2932 -0.7974
vn -0.0003 -0.1851 -0.9827
vn -0.0006 -0.1853 -0.9827
vn -0.5316 -0.2936 -0.7945
vn -0.7581 -0.5559 -0.3409
vn -0.5275 -0.2932 -0.7974
vn -0.5317 -0.2936 -0.7944
vn -0.7600 -0.5570 -0.3347
vn -0.5470 -0.8265 0.1332
vn -0.7601 -0.5571 -0.3347
vn -0.7601 -0.5570 -0.3347
vn -0.5458 -0.8266 0.1373
vn -0.0005 -0.9412 0.3378
vn -0.5469 -0.8265 0.1332
vn -0.5457 -0.8267 0.1373
vn -0.0010 -0.9411 0.3381
vn -0.0005 -0.9412 0.3377
vn 0.5488 -0.8246 0.1373
vn -0.0004 -0.9412 0.3377
vn -0.0009 -0.9411 0.3381
vn 0.5451 -0.8269 0.1381
vn 0.5487 -0.8246 0.1373
vn 0.7621 -0.5519 -0.3386
vn 0.5488 -0.8246 0.1372
vn 0.5452 -0.8269 0.1380
vn 0.7603 -0.5566 -0.3349
vn 0.5290 -0.2896 -0.7977
vn 0.7621 -0.5518 -0.3387
vn 0.7603 -0.5565 -0.3350
vn 0.5311 -0.2929 -0.7951
vn 0.5290 -0.2897 -0.7977
vn 0.6691 -0.6691 -0.3234
vn 0.9463 -0.0000 -0.3234
vn -0.0000 -0.9463 -0.3234
vn -0.6691 -0.6691 -0.3234
vn -0.9463 -0.0000 -0.3234
vn -0.6691 0.6691 -0.3234
vn -0.0000 0.9463 -0.3234
vn 0.6691 0.6691 -0.3234
vn 0.2899 -0.8035 0.5199
vn 0.3109 -0.7176 0.6232
vn -0.3118 -0.7186 0.6216
vn -0.2904 -0.8031 0.5203
vn 0.2899 -0.8035 0.5200
vn 0.2904 0.1944 -0.9370
vn -0.2899 0.1939 -0.9372
vn -0.3109 0.3211 -0.8945
vn 0.3118 0.3194 -0.8948
vn 0.2904 0.1944 -0.9369
vn 0.8214 -0.5049 -0.2653
vn 0.8214 -0.4301 -0.3746
vn 0.8104 -0.2312 -0.5383
vn 0.8493 0.0113 -0.5278
vn 0.8493 0.0114 -0.5278
vn 0.8515 0.0747 -0.5190
vn 0.8524 -0.4548 0.2580
vn 0.8524 -0.4548 0.2579
vn 0.8524 -0.4549 0.2579
vn 0.8495 -0.4880 0.2004
vn 0.8104 -0.5855 -0.0207
vn 0.8104 -0.5855 -0.0206
vn -0.2739 -0.7091 -0.6497
vn 0.2739 -0.7091 -0.6497
vn 0.2739 -0.8623 -0.4258
vn -0.2739 -0.8623 -0.4258
vn -0.2739 -0.7091 -0.6498
vn -0.8524 0.0758 -0.5174
vn -0.8495 0.0102 -0.5275
vn -0.8104 -0.2312 -0.5383
vn -0.8524 0.0758 -0.5173
vn -0.8104 -0.2311 -0.5384
vn -0.8214 -0.4301 -0.3746
vn -0.8214 -0.5049 -0.2653
vn -0.8104 -0.5855 -0.0207
vn -0.8493 -0.4879 0.2016
vn -0.8214 -0.4301 -0.3747
vn -0.8524 0.0759 -0.5173
vn -0.8515 -0.4567 0.2575
vn -0.2764 -0.9593 0.0576
vn 0.2764 -0.9593 0.0576
vn 0.2765 -0.9593 0.0577
vn 0.2764 -0.2935 -0.9151
vn -0.2764 -0.2935 -0.9151
vn -0.2765 -0.2935 -0.9151
vn -0.2765 -0.9593 0.0576
vn -0.2739 -0.8624 -0.4258
vn 0.2739 -0.8624 -0.4258
vn 0.2765 -0.2935 -0.9151
vn 0.2739 -0.7091 -0.6498
vn -0.2739 -0.7090 -0.6498
vn -0.2905 -0.8031 0.5203
vn -0.3119 -0.7186 0.6216
vn -0.8515 -0.4568 0.2575
vn 0.3110 -0.7176 0.6231
vn 0.2900 -0.8035 0.5199
vn 0.2905 0.1944 -0.9369
vn 0.3119 0.3194 -0.8948
vn -0.3110 0.3211 -0.8945
vn -0.2900 0.1939 -0.9372
vn 0.2740 -0.7091 -0.6497
vn 0.8213 -0.4301 -0.3746
vn 0.8213 -0.5050 -0.2653
vn 0.8214 -0.5049 -0.2654
vn 0.2740 -0.8623 -0.4258
vn -0.2740 -0.7091 -0.6497
vn -0.2740 -0.8623 -0.4258
vn -0.8214 -0.5049 -0.2654
vn -0.8213 -0.4301 -0.3747
vn -0.8104 -0.5856 -0.0206
vn 0.8104 -0.5856 -0.0206
vn 0.8104 -0.5856 -0.0207
vn -0.8104 -0.2312 -0.5384
vn -0.2740 -0.7090 -0.6498
vn 0.8104 -0.2312 -0.5384
vn 0.2904 0.1943 -0.9369
vn -0.8104 -0.5856 -0.0207
vn 0.8495 -0.4881 0.2004
vn 0.2765 -0.9593 0.0576
vn -0.2900 0.1938 -0.9372
vn 0.8214 -0.4301 -0.3747
vn 0.8475 0.0881 -0.5234
vn 0.8742 0.3249 -0.3608
vn 0.9503 0.2288 -0.2110
vn 0.9213 -0.0286 -0.3877
vn 0.7290 -0.1288 -0.6723
vn 0.9213 -0.0287 -0.3878
vn 0.7925 -0.2644 -0.5496
vn 0.5315 -0.3022 -0.7913
vn 0.7924 -0.2644 -0.5497
vn 0.5778 -0.4529 -0.6790
vn 0.2764 -0.4133 -0.8676
vn 0.5314 -0.3022 -0.7914
vn 0.5777 -0.4529 -0.6791
vn 0.3004 -0.5737 -0.7620
vn -0.0087 -0.4502 -0.8929
vn 0.2763 -0.4133 -0.8676
vn -0.0094 -0.6137 -0.7895
vn -0.0087 -0.4501 -0.8929
vn -0.2928 -0.4087 -0.8644
vn -0.0095 -0.6137 -0.7895
vn -0.3183 -0.5686 -0.7585
vn -0.5452 -0.2934 -0.7853
vn -0.2929 -0.4086 -0.8644
vn -0.3184 -0.5686 -0.7585
vn -0.5927 -0.4433 -0.6725
vn -0.7385 -0.1168 -0.6640
vn -0.5453 -0.2933 -0.7853
vn -0.5927 -0.4433 -0.6724
vn -0.8028 -0.2513 -0.5407
vn -0.8518 0.1020 -0.5138
vn -0.7385 -0.1167 -0.6640
vn -0.8029 -0.2513 -0.5406
vn -0.9260 -0.0135 -0.3774
vn -0.8728 0.3393 -0.3509
vn -0.9260 -0.0134 -0.3773
vn -0.9488 0.2444 -0.2003
vn -0.8728 0.3393 -0.3510
vn -0.7992 0.5693 -0.1930
vn -0.9488 0.2445 -0.2003
vn -0.8688 0.4944 -0.0287
vn -0.6390 0.7671 -0.0572
vn -0.7991 0.5693 -0.1930
vn -0.8687 0.4945 -0.0286
vn -0.6946 0.7095 0.1190
vn -0.4095 0.9113 0.0418
vn -0.6389 0.7671 -0.0572
vn -0.6945 0.7095 0.1190
vn -0.4452 0.8663 0.2266
vn -0.1357 0.9863 0.0933
vn -0.4095 0.9114 0.0418
vn -0.4451 0.8663 0.2266
vn -0.4451 0.8663 0.2267
vn -0.1475 0.9478 0.2826
vn 0.1529 0.9840 0.0917
vn -0.1356 0.9864 0.0933
vn -0.1474 0.9478 0.2826
vn 0.1661 0.9453 0.2809
vn 0.1528 0.9840 0.0917
vn 0.4248 0.9045 0.0371
vn 0.1662 0.9453 0.2808
vn 0.4618 0.8589 0.2215
vn 0.6508 0.7565 -0.0645
vn 0.4249 0.9045 0.0371
vn 0.4619 0.8588 0.2215
vn 0.7074 0.6980 0.1111
vn 0.6507 0.7566 -0.0645
vn 0.8062 0.5561 -0.2021
vn 0.8763 0.4802 -0.0385
vn 0.8742 0.3250 -0.3608
vn 0.8764 0.4801 -0.0385
vn 0.9503 0.2289 -0.2110
vn 0.9669 -0.2103 -0.1444
vn 0.9384 -0.0676 -0.3390
vn 0.9679 0.1946 -0.1590
vn 0.9974 0.0599 0.0411
vn 0.8317 -0.4577 -0.3142
vn 0.8071 -0.3077 -0.5038
vn 0.9383 -0.0676 -0.3390
vn 0.9669 -0.2104 -0.1444
vn 0.6064 -0.6556 -0.4501
vn 0.5884 -0.4997 -0.6356
vn 0.8071 -0.3077 -0.5039
vn 0.8317 -0.4578 -0.3143
vn 0.3153 -0.7824 -0.5371
vn 0.3060 -0.6227 -0.7201
vn 0.5884 -0.4997 -0.6357
vn 0.6063 -0.6556 -0.4501
vn -0.0099 -0.8244 -0.5660
vn -0.0097 -0.6635 -0.7481
vn 0.3059 -0.6227 -0.7201
vn 0.3059 -0.6228 -0.7201
vn 0.3152 -0.7824 -0.5371
vn -0.3340 -0.7771 -0.5335
vn -0.3242 -0.6175 -0.7166
vn -0.0100 -0.8244 -0.5660
vn -0.6220 -0.6455 -0.4432
vn -0.6036 -0.4899 -0.6289
vn -0.3243 -0.6175 -0.7166
vn -0.3243 -0.6176 -0.7166
vn -0.3341 -0.7770 -0.5335
vn -0.8425 -0.4441 -0.3049
vn -0.8177 -0.2944 -0.4947
vn -0.6037 -0.4899 -0.6290
vn -0.6037 -0.4899 -0.6289
vn -0.6221 -0.6455 -0.4432
vn -0.9718 -0.1945 -0.1335
vn -0.9431 -0.0522 -0.3284
vn -0.8177 -0.2943 -0.4947
vn -0.8426 -0.4440 -0.3048
vn -0.9957 0.0762 0.0523
vn -0.9663 0.2105 -0.1481
vn -0.9431 -0.0521 -0.3284
vn -0.9718 -0.1944 -0.1334
vn -0.9118 0.3386 0.2325
vn -0.8848 0.4652 0.0268
vn -0.9663 0.2106 -0.1480
vn -0.9957 0.0763 0.0524
vn -0.7290 0.5643 0.3874
vn -0.7074 0.6842 0.1772
vn -0.9117 0.3387 0.2325
vn -0.4672 0.7289 0.5004
vn -0.4534 0.8439 0.2868
vn -0.7074 0.6843 0.1771
vn -0.7289 0.5644 0.3875
vn -0.1548 0.8145 0.5592
vn -0.1502 0.9270 0.3438
vn -0.4533 0.8439 0.2868
vn -0.4671 0.7289 0.5004
vn 0.1744 0.8118 0.5573
vn 0.1692 0.9243 0.3420
vn -0.1547 0.8145 0.5592
vn 0.4846 0.7211 0.4951
vn 0.4703 0.8363 0.2816
vn 0.1693 0.9243 0.3420
vn 0.4847 0.7211 0.4951
vn 0.7424 0.5523 0.3792
vn 0.7205 0.6725 0.1691
vn 0.4704 0.8363 0.2816
vn 0.4847 0.7210 0.4951
vn 0.9197 0.3237 0.2222
vn 0.8926 0.4506 0.0168
vn 0.7425 0.5523 0.3791
vn 0.9974 0.0599 0.0412
vn 0.9679 0.1947 -0.1589
vn 0.8926 0.4506 0.0167
vn 0.9197 0.3236 0.2221
vn 0.0837 0.3381 -0.9374
vn -0.0026 0.3270 -0.9450
vn -0.0887 0.3395 -0.9364
vn -0.0886 0.3396 -0.9364
vn -0.1650 0.3745 -0.9124
vn -0.2235 0.4279 -0.8757
vn -0.2236 0.4279 -0.8757
vn -0.2578 0.4941 -0.8303
vn -0.2641 0.5659 -0.7810
vn -0.2235 0.4279 -0.8758
vn -0.2642 0.5659 -0.7810
vn -0.2419 0.6356 -0.7332
vn -0.1934 0.6954 -0.6921
vn -0.1239 0.7391 -0.6621
vn -0.0411 0.7618 -0.6465
vn 0.0463 0.7611 -0.6470
vn 0.1286 0.7370 -0.6635
vn 0.1970 0.6922 -0.6943
vn 0.2440 0.6316 -0.7359
vn -0.2641 0.5660 -0.7810
vn -0.0410 0.7618 -0.6465
vn 0.2440 0.6315 -0.7359
vn 0.2646 0.5616 -0.7839
vn 0.2565 0.4899 -0.8332
vn 0.2207 0.4243 -0.8782
vn 0.2206 0.4243 -0.8782
vn 0.0837 0.3382 -0.9374
vn 0.0836 0.3382 -0.9374
vn 0.1608 0.3718 -0.9143
vn 0.9679 0.1947 -0.1590
vn 0.9383 -0.0675 -0.3390
vn 0.6940 0.2432 -0.6777
vn 0.7158 0.4371 -0.5446
vn 0.9383 -0.0675 -0.3391
vn 0.8071 -0.3076 -0.5039
vn 0.5969 0.0656 -0.7996
vn 0.6939 0.2431 -0.6777
vn 0.5884 -0.4996 -0.6357
vn 0.4352 -0.0764 -0.8971
vn 0.5969 0.0655 -0.7996
vn 0.3060 -0.6227 -0.7202
vn 0.2263 -0.1674 -0.9596
vn 0.4351 -0.0764 -0.8971
vn 0.3059 -0.6227 -0.7202
vn -0.0096 -0.6634 -0.7482
vn -0.0071 -0.1975 -0.9803
vn 0.2262 -0.1674 -0.9596
vn -0.0097 -0.6634 -0.7482
vn -0.2398 -0.1636 -0.9570
vn -0.0072 -0.1975 -0.9803
vn -0.6036 -0.4899 -0.6290
vn -0.4464 -0.0692 -0.8921
vn -0.2398 -0.1636 -0.9569
vn -0.8177 -0.2943 -0.4948
vn -0.6047 0.0754 -0.7929
vn -0.4465 -0.0691 -0.8921
vn -0.9431 -0.0521 -0.3285
vn -0.6975 0.2546 -0.6699
vn -0.6047 0.0755 -0.7928
vn -0.9663 0.2106 -0.1481
vn -0.7146 0.4488 -0.5365
vn -0.6975 0.2546 -0.6698
vn -0.8848 0.4652 0.0267
vn -0.6544 0.6372 -0.4072
vn -0.7146 0.4489 -0.5365
vn -0.5232 0.7992 -0.2960
vn -0.6543 0.6372 -0.4072
vn -0.4534 0.8439 0.2867
vn -0.3353 0.9173 -0.2149
vn -0.5231 0.7992 -0.2960
vn -0.4534 0.8440 0.2867
vn -0.1502 0.9270 0.3437
vn -0.1111 0.9787 -0.1727
vn 0.1692 0.9244 0.3419
vn 0.1251 0.9768 -0.1741
vn 0.1252 0.9767 -0.1741
vn 0.1693 0.9244 0.3419
vn 0.4703 0.8364 0.2815
vn 0.3478 0.9117 -0.2187
vn 0.3479 0.9117 -0.2187
vn 0.4704 0.8364 0.2815
vn 0.7205 0.6726 0.1690
vn 0.5328 0.7905 -0.3019
vn 0.3479 0.9117 -0.2188
vn 0.7205 0.6725 0.1690
vn 0.8925 0.4506 0.0167
vn 0.6601 0.6264 -0.4146
vn 0.5329 0.7905 -0.3019
vn 0.7158 0.4371 -0.5445
vn 0.2207 0.4242 -0.8782
vn 0.2566 0.4899 -0.8332
vn 0.6939 0.2432 -0.6777
vn 0.1609 0.3717 -0.9143
vn 0.2207 0.4242 -0.8783
vn 0.5969 0.0656 -0.7997
vn 0.4351 -0.0763 -0.8971
vn 0.2263 -0.1673 -0.9596
vn -0.0026 0.3269 -0.9451
vn 0.0836 0.3381 -0.9374
vn -0.0027 0.3269 -0.9450
vn -0.2398 -0.1635 -0.9570
vn -0.0886 0.3395 -0.9364
vn -0.1651 0.3744 -0.9125
vn -0.4464 -0.0691 -0.8922
vn -0.2236 0.4279 -0.8758
vn -0.6047 0.0755 -0.7929
vn -0.2236 0.4278 -0.8758
vn -0.2579 0.4941 -0.8303
vn -0.6974 0.2546 -0.6699
vn -0.2420 0.6356 -0.7331
vn -0.2642 0.5660 -0.7809
vn -0.7146 0.4489 -0.5366
vn -0.6543 0.6372 -0.4073
vn -0.2420 0.6356 -0.7332
vn -0.1935 0.6955 -0.6920
vn -0.2419 0.6356 -0.7331
vn -0.1240 0.7391 -0.6620
vn -0.1934 0.6955 -0.6920
vn -0.5232 0.7992 -0.2961
vn -0.3353 0.9173 -0.2150
vn -0.1239 0.7392 -0.6620
vn -0.1111 0.9787 -0.1728
vn 0.0463 0.7611 -0.6469
vn 0.1286 0.7371 -0.6635
vn 0.3478 0.9117 -0.2188
vn 0.1970 0.6923 -0.6942
vn 0.1287 0.7371 -0.6635
vn 0.5328 0.7905 -0.3020
vn 0.2441 0.6316 -0.7359
vn 0.1971 0.6923 -0.6942
vn 0.6601 0.6264 -0.4147
vn 0.2647 0.5616 -0.7839
vn 0.6600 0.6264 -0.4147
vn 0.2647 0.5616 -0.7840
vn 0.6932 0.2438 -0.6782
vn 0.7151 0.4375 -0.5453
vn 0.7748 0.4029 -0.4872
vn 0.7511 0.1930 -0.6313
vn 0.7512 0.1930 -0.6313
vn 0.9822 -0.0394 0.1838
vn 0.9522 -0.3055 0.0012
vn 0.9822 -0.0395 0.1838
vn 0.5963 0.0664 -0.8000
vn 0.6932 0.2437 -0.6783
vn 0.6461 0.0008 -0.7632
vn 0.9522 -0.3055 0.0011
vn 0.8190 -0.5492 -0.1661
vn 0.9522 -0.3056 0.0011
vn 0.4347 -0.0754 -0.8974
vn 0.5963 0.0663 -0.8001
vn 0.6461 0.0008 -0.7633
vn 0.4711 -0.1529 -0.8688
vn 0.4711 -0.1529 -0.8687
vn 0.5315 -0.3022 -0.7914
vn 0.5971 -0.7440 -0.2999
vn 0.5777 -0.4529 -0.6790
vn 0.2261 -0.1663 -0.9598
vn 0.4347 -0.0755 -0.8974
vn 0.4710 -0.1529 -0.8688
vn 0.2449 -0.2514 -0.9364
vn 0.2764 -0.4133 -0.8677
vn 0.3105 -0.8689 -0.3856
vn -0.0071 -0.1965 -0.9805
vn 0.2260 -0.1664 -0.9598
vn -0.0077 -0.2840 -0.9588
vn -0.0077 -0.2841 -0.9588
vn 0.2763 -0.4133 -0.8677
vn -0.0098 -0.9102 -0.4140
vn -0.0095 -0.6137 -0.7894
vn -0.0095 -0.6138 -0.7894
vn 0.3104 -0.8689 -0.3856
vn -0.2395 -0.1625 -0.9572
vn -0.0072 -0.1965 -0.9805
vn -0.0078 -0.2840 -0.9588
vn -0.2595 -0.2472 -0.9336
vn -0.2595 -0.2473 -0.9335
vn -0.0088 -0.4501 -0.8929
vn -0.2928 -0.4086 -0.8645
vn -0.3290 -0.8636 -0.3820
vn -0.3183 -0.5687 -0.7585
vn -0.4459 -0.0683 -0.8925
vn -0.2396 -0.1625 -0.9572
vn -0.2596 -0.2472 -0.9335
vn -0.4832 -0.1451 -0.8634
vn -0.4459 -0.0682 -0.8925
vn -0.2596 -0.2473 -0.9335
vn -0.5452 -0.2933 -0.7853
vn -0.6125 -0.7341 -0.2931
vn -0.3184 -0.5687 -0.7584
vn -0.6041 0.0762 -0.7933
vn -0.4460 -0.0682 -0.8924
vn -0.4832 -0.1450 -0.8634
vn -0.4833 -0.1450 -0.8634
vn -0.6545 0.0114 -0.7560
vn -0.6546 0.0114 -0.7559
vn -0.4833 -0.1451 -0.8634
vn -0.7385 -0.1167 -0.6641
vn -0.6126 -0.7341 -0.2931
vn -0.8297 -0.5357 -0.1569
vn -0.8028 -0.2513 -0.5406
vn -0.6126 -0.7341 -0.2930
vn -0.6967 0.2551 -0.6704
vn -0.6041 0.0762 -0.7932
vn -0.6546 0.0115 -0.7559
vn -0.7549 0.2053 -0.6228
vn -0.7550 0.2053 -0.6228
vn -0.8518 0.1020 -0.5139
vn -0.8297 -0.5357 -0.1568
vn -0.9570 -0.2899 0.0119
vn -0.9260 -0.0135 -0.3773
vn -0.8298 -0.5356 -0.1568
vn -0.7139 0.4492 -0.5372
vn -0.6967 0.2552 -0.6704
vn -0.7549 0.2054 -0.6228
vn -0.7735 0.4156 -0.4785
vn -0.7735 0.4156 -0.4784
vn -0.7550 0.2054 -0.6228
vn -0.8518 0.1021 -0.5138
vn -0.9805 -0.0233 0.1949
vn -0.9570 -0.2898 0.0119
vn -0.6537 0.6373 -0.4080
vn -0.7139 0.4493 -0.5372
vn -0.7735 0.4157 -0.4785
vn -0.7735 0.4157 -0.4784
vn -0.7083 0.6195 -0.3385
vn -0.7991 0.5693 -0.1931
vn -0.8979 0.2351 0.3723
vn -0.8687 0.4944 -0.0286
vn -0.5227 0.7992 -0.2969
vn -0.6536 0.6374 -0.4080
vn -0.5663 0.7948 -0.2181
vn -0.5226 0.7992 -0.2969
vn -0.6389 0.7671 -0.0573
vn -0.8978 0.2351 0.3723
vn -0.7179 0.4573 0.5249
vn -0.3350 0.9171 -0.2159
vn -0.5662 0.7948 -0.2181
vn -0.3629 0.9226 -0.1304
vn -0.3629 0.9226 -0.1303
vn -0.7178 0.4574 0.5249
vn -0.4601 0.6194 0.6362
vn -0.4452 0.8663 0.2267
vn -0.1110 0.9785 -0.1738
vn -0.3349 0.9172 -0.2159
vn -0.3629 0.9227 -0.1304
vn -0.1203 0.9891 -0.0847
vn -0.3629 0.9227 -0.1303
vn -0.1357 0.9864 0.0933
vn -0.4600 0.6194 0.6362
vn -0.1524 0.7036 0.6940
vn 0.1250 0.9766 -0.1751
vn -0.1109 0.9785 -0.1738
vn -0.1202 0.9891 -0.0847
vn 0.1354 0.9870 -0.0862
vn 0.1355 0.9870 -0.0861
vn 0.1528 0.9840 0.0916
vn -0.1524 0.7037 0.6940
vn 0.1717 0.7010 0.6922
vn 0.1662 0.9452 0.2809
vn 0.1662 0.9453 0.2809
vn -0.1475 0.9478 0.2827
vn 0.3475 0.9116 -0.2198
vn 0.1251 0.9766 -0.1751
vn 0.1355 0.9870 -0.0862
vn 0.3765 0.9166 -0.1345
vn 0.1529 0.9840 0.0916
vn 0.1718 0.7010 0.6922
vn 0.4773 0.6117 0.6309
vn 0.4618 0.8589 0.2216
vn 0.5323 0.7906 -0.3028
vn 0.3475 0.9115 -0.2198
vn 0.3765 0.9166 -0.1346
vn 0.5767 0.7855 -0.2246
vn 0.5323 0.7906 -0.3029
vn 0.5768 0.7855 -0.2245
vn 0.3766 0.9166 -0.1345
vn 0.7311 0.4455 0.5168
vn 0.4619 0.8588 0.2216
vn 0.6594 0.6266 -0.4154
vn 0.5323 0.7905 -0.3029
vn 0.5768 0.7854 -0.2246
vn 0.7145 0.6078 -0.3465
vn 0.5768 0.7854 -0.2245
vn 0.8061 0.5561 -0.2021
vn 0.7311 0.4455 0.5167
vn 0.9057 0.2203 0.3622
vn 0.8763 0.4801 -0.0385
vn 0.8764 0.4801 -0.0384
vn 0.7311 0.4454 0.5167
vn 0.7151 0.4375 -0.5452
vn 0.7748 0.4030 -0.4872
vn 0.7748 0.4029 -0.4871
vn 0.9057 0.2203 0.3621
vn 0.9822 -0.0394 0.1839
vn -0.9504 -0.2286 0.2107
vn -0.8741 -0.3250 0.3609
vn -0.8474 -0.0882 0.5235
vn -0.9214 0.0289 0.3875
vn -0.7289 0.1286 0.6724
vn -0.7926 0.2647 0.5494
vn -0.7925 0.2647 0.5494
vn -0.7289 0.1287 0.6724
vn -0.5314 0.3020 0.7914
vn -0.5778 0.4532 0.6788
vn -0.5314 0.3020 0.7915
vn -0.2763 0.4131 0.8677
vn -0.3005 0.5740 0.7617
vn -0.3004 0.5740 0.7617
vn -0.2763 0.4132 0.8677
vn 0.0087 0.4500 0.8930
vn 0.0095 0.6140 0.7892
vn 0.2928 0.4085 0.8645
vn 0.3184 0.5689 0.7583
vn 0.5452 0.2932 0.7854
vn 0.5928 0.4436 0.6722
vn 0.3184 0.5689 0.7582
vn 0.7384 0.1166 0.6642
vn 0.8029 0.2516 0.5404
vn 0.7385 0.1166 0.6641
vn 0.8517 -0.1021 0.5140
vn 0.9261 0.0137 0.3771
vn 0.8517 -0.1022 0.5139
vn 0.8727 -0.3394 0.3511
vn 0.9489 -0.2442 0.2000
vn 0.7991 -0.5693 0.1932
vn 0.8688 -0.4943 0.0283
vn 0.7991 -0.5694 0.1932
vn 0.6389 -0.7672 0.0574
vn 0.6947 -0.7094 -0.1193
vn 0.6946 -0.7094 -0.1194
vn 0.4095 -0.9114 -0.0416
vn 0.4452 -0.8662 -0.2270
vn 0.4094 -0.9114 -0.0416
vn 0.1357 -0.9864 -0.0931
vn 0.1475 -0.9477 -0.2830
vn 0.1356 -0.9864 -0.0931
vn -0.1528 -0.9840 -0.0915
vn -0.1662 -0.9451 -0.2812
vn -0.1529 -0.9840 -0.0915
vn -0.4248 -0.9046 -0.0369
vn -0.4619 -0.8587 -0.2219
vn -0.4248 -0.9045 -0.0369
vn -0.6507 -0.7566 0.0647
vn -0.7075 -0.6979 -0.1115
vn -0.7075 -0.6979 -0.1114
vn -0.8061 -0.5562 0.2022
vn -0.8765 -0.4800 0.0381
vn -0.7075 -0.6978 -0.1115
vn -0.8765 -0.4799 0.0382
vn -0.8061 -0.5562 0.2023
vn -0.8741 -0.3251 0.3609
vn -0.9678 -0.1948 0.1592
vn -0.9383 0.0674 0.3392
vn -0.9669 0.2082 0.1474
vn -0.9669 0.2082 0.1473
vn -0.9974 -0.0619 -0.0380
vn -0.9383 0.0675 0.3392
vn -0.8071 0.3075 0.5040
vn -0.8317 0.4556 0.3173
vn -0.8317 0.4557 0.3172
vn -0.9669 0.2083 0.1475
vn -0.8071 0.3076 0.5040
vn -0.5884 0.4995 0.6358
vn -0.6064 0.6535 0.4531
vn -0.6064 0.6535 0.4530
vn -0.8316 0.4557 0.3173
vn -0.3060 0.6226 0.7203
vn -0.3153 0.7803 0.5402
vn -0.3153 0.7803 0.5401
vn -0.6063 0.6535 0.4531
vn -0.3059 0.6226 0.7203
vn 0.0096 0.6633 0.7483
vn 0.0099 0.8223 0.5690
vn 0.0099 0.8223 0.5689
vn -0.3152 0.7803 0.5402
vn 0.0097 0.6633 0.7483
vn 0.3242 0.6174 0.7167
vn 0.3341 0.7749 0.5365
vn 0.3340 0.7750 0.5364
vn 0.0100 0.8223 0.5690
vn 0.3243 0.6174 0.7167
vn 0.6036 0.4898 0.6291
vn 0.6220 0.6434 0.4462
vn 0.6220 0.6435 0.4461
vn 0.6037 0.4897 0.6291
vn 0.8176 0.2942 0.4949
vn 0.8425 0.4420 0.3079
vn 0.8425 0.4420 0.3078
vn 0.6221 0.6434 0.4462
vn 0.8177 0.2942 0.4949
vn 0.9430 0.0520 0.3286
vn 0.9718 0.1924 0.1365
vn 0.8426 0.4419 0.3079
vn 0.9431 0.0520 0.3286
vn 0.9663 -0.2106 0.1483
vn 0.9957 -0.0783 -0.0493
vn 0.9957 -0.0782 -0.0494
vn 0.9718 0.1923 0.1365
vn 0.9662 -0.2107 0.1482
vn 0.8848 -0.4653 -0.0266
vn 0.9117 -0.3407 -0.2294
vn 0.9117 -0.3407 -0.2295
vn 0.9957 -0.0784 -0.0493
vn 0.8847 -0.4653 -0.0266
vn 0.7074 -0.6843 -0.1769
vn 0.7290 -0.5664 -0.3844
vn 0.7290 -0.5664 -0.3845
vn 0.9117 -0.3408 -0.2295
vn 0.7074 -0.6844 -0.1770
vn 0.4534 -0.8440 -0.2866
vn 0.4672 -0.7310 -0.4974
vn 0.4672 -0.7309 -0.4974
vn 0.7289 -0.5665 -0.3844
vn 0.4533 -0.8440 -0.2866
vn 0.1502 -0.9270 -0.3436
vn 0.1548 -0.8166 -0.5561
vn 0.1548 -0.8165 -0.5562
vn 0.4671 -0.7310 -0.4974
vn -0.1692 -0.9244 -0.3418
vn -0.1744 -0.8139 -0.5543
vn -0.1744 -0.8138 -0.5543
vn 0.1547 -0.8166 -0.5561
vn 0.1501 -0.9270 -0.3436
vn -0.1693 -0.9244 -0.3417
vn -0.4703 -0.8364 -0.2814
vn -0.4846 -0.7232 -0.4920
vn -0.4847 -0.7231 -0.4921
vn -0.1693 -0.9244 -0.3418
vn -0.4704 -0.8364 -0.2814
vn -0.7204 -0.6726 -0.1689
vn -0.7424 -0.5544 -0.3761
vn -0.7424 -0.5544 -0.3762
vn -0.4847 -0.7232 -0.4920
vn -0.7205 -0.6726 -0.1689
vn -0.8925 -0.4507 -0.0166
vn -0.9197 -0.3258 -0.2192
vn -0.9197 -0.3257 -0.2192
vn -0.7425 -0.5543 -0.3761
vn -0.8925 -0.4507 -0.0165
vn -0.9678 -0.1948 0.1591
vn -0.9973 -0.0620 -0.0381
vn -0.9973 -0.0620 -0.0382
vn -0.9197 -0.3257 -0.2191
vn 0.2530 -0.5668 0.7841
vn 0.2469 -0.4980 0.8313
vn 0.2140 -0.4346 0.8748
vn 0.2141 -0.4346 0.8748
vn 0.1580 -0.3834 0.9100
vn 0.0849 -0.3500 0.9329
vn 0.2530 -0.5668 0.7840
vn 0.0025 -0.3380 0.9411
vn -0.0801 -0.3487 0.9338
vn -0.0801 -0.3486 0.9338
vn -0.1541 -0.3809 0.9117
vn -0.2113 -0.4311 0.8772
vn -0.2457 -0.4940 0.8340
vn -0.2534 -0.5626 0.7869
vn -0.2337 -0.6297 0.7409
vn -0.2336 -0.6296 0.7409
vn -0.2337 -0.6296 0.7409
vn -0.1886 -0.6877 0.7010
vn -0.1231 -0.7306 0.6716
vn -0.0443 -0.7537 0.6558
vn 0.0393 -0.7543 0.6553
vn -0.1232 -0.7306 0.6716
vn 0.1187 -0.7326 0.6702
vn 0.1852 -0.6908 0.6989
vn 0.0393 -0.7544 0.6553
vn 0.2317 -0.6335 0.7383
vn -0.6886 -0.2476 0.6816
vn -0.9678 -0.1948 0.1593
vn -0.7103 -0.4400 0.5495
vn -0.5923 -0.0714 0.8026
vn -0.8071 0.3075 0.5041
vn -0.9383 0.0674 0.3393
vn -0.4318 0.0695 0.8993
vn -0.5884 0.4994 0.6359
vn -0.8070 0.3075 0.5041
vn -0.2245 0.1598 0.9613
vn -0.3060 0.6225 0.7204
vn -0.5884 0.4995 0.6359
vn -0.5883 0.4995 0.6359
vn 0.0071 0.1897 0.9818
vn 0.0096 0.6632 0.7483
vn -0.3059 0.6225 0.7204
vn 0.2379 0.1560 0.9587
vn 0.3242 0.6173 0.7168
vn 0.4430 0.0623 0.8944
vn 0.6036 0.4897 0.6292
vn 0.4429 0.0623 0.8944
vn 0.6000 -0.0811 0.7959
vn 0.8176 0.2942 0.4950
vn 0.6920 -0.2589 0.6738
vn 0.9430 0.0520 0.3287
vn 0.8176 0.2941 0.4950
vn 0.8176 0.2941 0.4949
vn 0.7091 -0.4516 0.5415
vn 0.9662 -0.2107 0.1483
vn 0.9430 0.0519 0.3287
vn 0.9430 0.0519 0.3286
vn 0.6921 -0.2589 0.6738
vn 0.6493 -0.6385 0.4132
vn 0.8847 -0.4653 -0.0265
vn 0.7091 -0.4517 0.5415
vn 0.5191 -0.7992 0.3029
vn 0.7074 -0.6843 -0.1768
vn 0.8847 -0.4654 -0.0265
vn 0.3327 -0.9164 0.2224
vn 0.4534 -0.8440 -0.2865
vn 0.7073 -0.6844 -0.1768
vn 0.7073 -0.6844 -0.1769
vn 0.5191 -0.7993 0.3028
vn 0.1102 -0.9774 0.1806
vn 0.1502 -0.9271 -0.3435
vn 0.4533 -0.8440 -0.2865
vn 0.4533 -0.8441 -0.2865
vn -0.1242 -0.9754 0.1819
vn -0.1692 -0.9244 -0.3417
vn -0.3451 -0.9109 0.2262
vn -0.4703 -0.8365 -0.2813
vn -0.5287 -0.7907 0.3087
vn -0.7204 -0.6727 -0.1688
vn -0.4704 -0.8365 -0.2813
vn -0.3452 -0.9109 0.2262
vn -0.6550 -0.6278 0.4205
vn -0.8925 -0.4508 -0.0165
vn -0.7205 -0.6726 -0.1688
vn -0.5287 -0.7906 0.3087
vn -0.9678 -0.1949 0.1592
vn -0.8925 -0.4508 -0.0164
vn -0.8925 -0.4507 -0.0164
vn -0.6885 -0.2476 0.6816
vn -0.2457 -0.4939 0.8341
vn -0.2114 -0.4311 0.8772
vn -0.5922 -0.0714 0.8026
vn -0.1541 -0.3808 0.9117
vn -0.4317 0.0695 0.8993
vn -0.2245 0.1597 0.9613
vn -0.0801 -0.3486 0.9339
vn 0.0025 -0.3379 0.9412
vn 0.0071 0.1896 0.9818
vn 0.0849 -0.3499 0.9329
vn 0.2379 0.1559 0.9587
vn 0.1581 -0.3833 0.9100
vn 0.1581 -0.3834 0.9100
vn 0.6000 -0.0812 0.7959
vn 0.2470 -0.4980 0.8313
vn 0.6920 -0.2589 0.6739
vn 0.6920 -0.2590 0.6738
vn 0.2531 -0.5668 0.7841
vn 0.7090 -0.4517 0.5415
vn 0.6492 -0.6385 0.4133
vn 0.6492 -0.6385 0.4132
vn 0.2317 -0.6335 0.7382
vn 0.1853 -0.6908 0.6989
vn 0.5191 -0.7993 0.3029
vn 0.3327 -0.9164 0.2225
vn 0.3326 -0.9164 0.2225
vn 0.1187 -0.7327 0.6702
vn 0.0394 -0.7544 0.6552
vn 0.0393 -0.7544 0.6552
vn -0.0443 -0.7537 0.6557
vn -0.1242 -0.9754 0.1820
vn -0.1232 -0.7307 0.6715
vn -0.3451 -0.9109 0.2263
vn -0.3452 -0.9109 0.2263
vn -0.1886 -0.6878 0.7010
vn -0.1887 -0.6878 0.7010
vn -0.5287 -0.7907 0.3088
vn -0.5287 -0.7906 0.3088
vn -0.6549 -0.6278 0.4206
vn -0.2535 -0.5627 0.7869
vn -0.2535 -0.5626 0.7869
vn -0.7102 -0.4400 0.5495
vn -0.7771 -0.4014 0.4847
vn -0.7208 -0.4345 0.5401
vn -0.6988 -0.2392 0.6742
vn -0.7534 -0.1909 0.6292
vn -0.8741 -0.3250 0.3610
vn -0.9214 0.0289 0.3874
vn -0.7830 -0.1617 0.6006
vn -0.8076 -0.3806 0.4504
vn -0.7534 -0.1909 0.6293
vn -0.6010 -0.0604 0.7969
vn -0.6011 -0.0604 0.7969
vn -0.6480 0.0019 0.7616
vn -0.8474 -0.0882 0.5236
vn -0.7534 -0.1908 0.6293
vn -0.6481 0.0019 0.7616
vn -0.7926 0.2647 0.5493
vn -0.6735 0.0386 0.7382
vn -0.7830 -0.1617 0.6007
vn -0.7830 -0.1618 0.6007
vn -0.4382 0.0826 0.8951
vn -0.4725 0.1560 0.8674
vn -0.6480 0.0020 0.7616
vn -0.4725 0.1561 0.8674
vn -0.4910 0.1988 0.8482
vn -0.4724 0.1561 0.8675
vn -0.2279 0.1742 0.9580
vn -0.2457 0.2548 0.9353
vn -0.4724 0.1561 0.8674
vn -0.2457 0.2549 0.9352
vn -0.2553 0.3015 0.9187
vn -0.2456 0.2548 0.9353
vn -0.2278 0.1742 0.9580
vn 0.0072 0.2045 0.9788
vn 0.0072 0.2046 0.9788
vn 0.0077 0.2876 0.9577
vn -0.2456 0.2549 0.9353
vn 0.0087 0.4499 0.8930
vn -0.2763 0.4131 0.8678
vn 0.0095 0.6141 0.7892
vn 0.0081 0.3355 0.9420
vn 0.0078 0.2876 0.9577
vn 0.2414 0.1703 0.9554
vn 0.2414 0.1704 0.9553
vn 0.2603 0.2507 0.9324
vn 0.0088 0.4499 0.8930
vn 0.3184 0.5690 0.7582
vn 0.2706 0.2972 0.9157
vn 0.2604 0.2507 0.9324
vn 0.2415 0.1703 0.9553
vn 0.4495 0.0753 0.8901
vn 0.4847 0.1482 0.8621
vn 0.4847 0.1483 0.8620
vn 0.5451 0.2932 0.7854
vn 0.2928 0.4084 0.8645
vn 0.5037 0.1906 0.8426
vn 0.2706 0.2971 0.9157
vn 0.4847 0.1482 0.8620
vn 0.4496 0.0753 0.8901
vn 0.6089 -0.0703 0.7901
vn 0.6565 -0.0088 0.7543
vn 0.6565 -0.0087 0.7543
vn 0.6823 0.0275 0.7305
vn 0.6565 -0.0088 0.7542
vn 0.7023 -0.2507 0.6663
vn 0.7572 -0.2033 0.6208
vn 0.6566 -0.0088 0.7542
vn 0.7572 -0.2032 0.6207
vn 0.7572 -0.2032 0.6208
vn 0.9261 0.0138 0.3771
vn 0.7870 -0.1747 0.5918
vn 0.6823 0.0274 0.7305
vn 0.8030 0.2516 0.5403
vn 0.7572 -0.2033 0.6207
vn 0.7196 -0.4463 0.5320
vn 0.7758 -0.4142 0.4760
vn 0.8517 -0.1022 0.5140
vn 0.7759 -0.4141 0.4759
vn 0.8063 -0.3938 0.4413
vn 0.7869 -0.1747 0.5918
vn 0.9261 0.0137 0.3770
vn 0.7758 -0.4142 0.4759
vn 0.6589 -0.6359 0.4018
vn 0.7104 -0.6186 0.3356
vn 0.7759 -0.4142 0.4759
vn 0.8689 -0.4942 0.0283
vn 0.7383 -0.6063 0.2954
vn 0.8063 -0.3939 0.4413
vn 0.7104 -0.6187 0.3356
vn 0.6589 -0.6360 0.4018
vn 0.5268 -0.7990 0.2898
vn 0.5680 -0.7945 0.2149
vn 0.7990 -0.5694 0.1932
vn 0.7104 -0.6187 0.3355
vn 0.5680 -0.7945 0.2148
vn 0.6947 -0.7093 -0.1194
vn 0.5903 -0.7891 0.1699
vn 0.7383 -0.6064 0.2954
vn 0.5268 -0.7991 0.2898
vn 0.3376 -0.9180 0.2082
vn 0.3640 -0.9227 0.1268
vn 0.6388 -0.7672 0.0574
vn 0.3641 -0.9227 0.1268
vn 0.3783 -0.9224 0.0785
vn 0.1119 -0.9798 0.1657
vn 0.1206 -0.9894 0.0811
vn 0.1206 -0.9894 0.0810
vn 0.1253 -0.9916 0.0309
vn 0.1118 -0.9798 0.1657
vn -0.1260 -0.9779 0.1671
vn -0.1359 -0.9873 0.0825
vn -0.1359 -0.9873 0.0824
vn -0.1528 -0.9840 -0.0914
vn -0.1412 -0.9894 0.0324
vn -0.1261 -0.9779 0.1671
vn -0.3502 -0.9123 0.2120
vn -0.3776 -0.9166 0.1310
vn -0.1529 -0.9840 -0.0914
vn -0.3776 -0.9167 0.1309
vn -0.3925 -0.9160 0.0828
vn -0.1413 -0.9894 0.0324
vn -0.3777 -0.9166 0.1310
vn -0.3503 -0.9123 0.2120
vn -0.5365 -0.7904 0.2958
vn -0.5785 -0.7851 0.2213
vn -0.5785 -0.7851 0.2212
vn -0.6012 -0.7793 0.1767
vn -0.5366 -0.7903 0.2958
vn -0.6647 -0.6251 0.4092
vn -0.7166 -0.6070 0.3436
vn -0.7166 -0.6069 0.3436
vn -0.7448 -0.5941 0.3038
vn -0.6647 -0.6251 0.4093
vn -0.7771 -0.4015 0.4847
vn -0.7167 -0.6069 0.3436
vn -0.7771 -0.4014 0.4846
vn -0.8765 -0.4799 0.0381
vn 0.5741 -0.5803 0.5776
vn 0.5922 -0.4199 0.6878
vn -0.1409 -0.5688 0.8103
vn -0.1410 -0.5687 0.8103
vn -0.1367 -0.5306 0.8366
vn 0.4938 -0.7272 0.4767
vn -0.1366 -0.5306 0.8366
vn -0.1175 -0.4956 0.8606
vn 0.3600 -0.8447 0.3961
vn -0.1176 -0.4956 0.8606
vn -0.0857 -0.4676 0.8798
vn 0.1872 -0.9200 0.3444
vn -0.0857 -0.4677 0.8797
vn -0.0445 -0.4497 0.8921
vn -0.0059 -0.9449 0.3273
vn -0.0446 -0.4497 0.8921
vn 0.0014 -0.4438 0.8961
vn -0.1984 -0.9168 0.3466
vn 0.0473 -0.4505 0.8915
vn -0.3693 -0.8387 0.4002
vn 0.0472 -0.4505 0.8915
vn 0.0879 -0.4691 0.8788
vn -0.3694 -0.8387 0.4002
vn -0.5003 -0.7191 0.4823
vn 0.1191 -0.4976 0.8592
vn -0.5003 -0.7191 0.4824
vn -0.5770 -0.5709 0.5841
vn 0.1191 -0.4975 0.8592
vn 0.1374 -0.5329 0.8350
vn -0.5770 -0.5708 0.5841
vn -0.5912 -0.4102 0.6944
vn 0.1373 -0.5328 0.8350
vn 0.1408 -0.5711 0.8087
vn -0.5912 -0.4101 0.6944
vn -0.5414 -0.2543 0.8014
vn 0.1407 -0.5711 0.8087
vn 0.1289 -0.6082 0.7833
vn -0.4328 -0.1203 0.8934
vn 0.1289 -0.6082 0.7832
vn 0.1030 -0.6401 0.7614
vn -0.2774 -0.0226 0.9605
vn 0.0660 -0.6633 0.7454
vn -0.0919 0.0282 0.9954
vn 0.0219 -0.6754 0.7371
vn 0.1035 0.0266 0.9943
vn 0.0218 -0.6754 0.7371
vn -0.0247 -0.6751 0.7374
vn 0.1036 0.0266 0.9943
vn 0.2878 -0.0272 0.9573
vn -0.0247 -0.6750 0.7374
vn -0.0685 -0.6622 0.7462
vn 0.2878 -0.0273 0.9573
vn 0.4408 -0.1275 0.8885
vn -0.1050 -0.6384 0.7625
vn 0.5461 -0.2632 0.7953
vn -0.1049 -0.6384 0.7626
vn -0.1049 -0.6383 0.7626
vn -0.1300 -0.6060 0.7847
vn 0.5461 -0.2633 0.7953
vn 0.5922 -0.4198 0.6878
vn -0.1300 -0.6060 0.7848
vn 0.5922 -0.4198 0.6877
vn 0.5742 -0.5803 0.5776
vn 0.9522 -0.3056 0.0012
vn 0.9822 -0.0395 0.1839
vn 0.5923 -0.4198 0.6877
vn 0.4939 -0.7272 0.4767
vn 0.3601 -0.8447 0.3960
vn 0.5971 -0.7440 -0.2998
vn 0.3601 -0.8447 0.3961
vn 0.3600 -0.8447 0.3960
vn 0.1872 -0.9200 0.3443
vn -0.0059 -0.9449 0.3272
vn -0.1984 -0.9168 0.3465
vn -0.3694 -0.8387 0.4001
vn -0.5771 -0.5708 0.5840
vn -0.5771 -0.5708 0.5841
vn -0.9805 -0.0234 0.1949
vn -0.9570 -0.2899 0.0120
vn -0.5771 -0.5709 0.5840
vn -0.5913 -0.4101 0.6944
vn -0.9805 -0.0233 0.1950
vn -0.4329 -0.1203 0.8934
vn -0.7178 0.4573 0.5249
vn -0.8978 0.2350 0.3724
vn -0.2775 -0.0226 0.9605
vn -0.4601 0.6193 0.6362
vn -0.7178 0.4573 0.5250
vn -0.2774 -0.0225 0.9605
vn -0.0919 0.0283 0.9954
vn 0.1036 0.0267 0.9943
vn 0.1717 0.7009 0.6922
vn 0.1035 0.0267 0.9943
vn 0.4408 -0.1274 0.8885
vn 0.7311 0.4454 0.5168
vn 0.4409 -0.1274 0.8885
vn 0.5462 -0.2632 0.7952
vn 0.9057 0.2202 0.3622
vn 0.5462 -0.2632 0.7953
vn 0.5923 -0.4198 0.6878
vn -0.7830 -0.1618 0.6006
vn -0.1367 -0.5306 0.8365
vn -0.1410 -0.5688 0.8103
vn -0.1367 -0.5305 0.8366
vn -0.6735 0.0385 0.7382
vn -0.1176 -0.4956 0.8605
vn -0.0858 -0.4676 0.8798
vn -0.2553 0.3014 0.9187
vn 0.0080 0.3354 0.9420
vn 0.0080 0.3355 0.9420
vn 0.0081 0.3354 0.9420
vn 0.2705 0.2971 0.9157
vn 0.0472 -0.4504 0.8916
vn 0.0014 -0.4437 0.8962
vn 0.0879 -0.4690 0.8788
vn 0.0880 -0.4691 0.8788
vn 0.6823 0.0275 0.7306
vn 0.1191 -0.4975 0.8593
vn 0.6823 0.0274 0.7306
vn 0.7869 -0.1746 0.5918
vn 0.1374 -0.5328 0.8350
vn 0.7383 -0.6063 0.2955
vn 0.5903 -0.7891 0.1700
vn 0.1031 -0.6401 0.7614
vn 0.1030 -0.6401 0.7613
vn 0.3783 -0.9223 0.0785
vn 0.0661 -0.6633 0.7454
vn 0.0660 -0.6634 0.7454
vn 0.1254 -0.9916 0.0309
vn 0.0661 -0.6634 0.7454
vn 0.0219 -0.6755 0.7371
vn -0.1412 -0.9895 0.0324
vn -0.0246 -0.6751 0.7373
vn -0.0247 -0.6751 0.7373
vn -0.0685 -0.6623 0.7461
vn -0.0686 -0.6622 0.7461
vn -0.6012 -0.7794 0.1767
vn -0.1049 -0.6384 0.7625
vn -0.7447 -0.5942 0.3038
vn -0.7448 -0.5942 0.3038
vn -0.1300 -0.6061 0.7847
vn -0.1301 -0.6060 0.7847
vn 0.3328 0.8197 0.4662
vn -0.3324 0.8182 0.4692
vn -0.3269 0.8230 0.4646
vn 0.3329 0.8197 0.4662
vn -0.0147 0.8713 0.4906
vn 0.3411 0.8091 0.4785
vn -0.6410 0.6681 0.3777
vn -0.3270 0.8229 0.4646
vn -0.3324 0.8182 0.4691
vn -0.6411 0.6681 0.3777
vn -0.8619 0.4635 0.2056
vn -0.8638 0.4497 0.2273
vn -0.9822 0.1839 0.0393
vn -0.8638 0.4496 0.2272
vn -0.8620 0.4634 0.2056
vn -0.9822 0.1839 0.0392
vn -0.9802 -0.0861 -0.1785
vn -0.9822 0.1838 0.0392
vn -0.9823 -0.1011 -0.1577
vn -0.8637 -0.3668 -0.3456
vn -0.8637 -0.3668 -0.3457
vn -0.6398 -0.5693 -0.5163
vn -0.6412 -0.5854 -0.4962
vn -0.3411 -0.7262 -0.5969
vn -0.6411 -0.5854 -0.4962
vn -0.6397 -0.5694 -0.5163
vn -0.0000 -0.7602 -0.6497
vn -0.0000 -0.7767 -0.6299
vn 0.3411 -0.7262 -0.5969
vn 0.6397 -0.5694 -0.5163
vn 0.6411 -0.5854 -0.4962
vn 0.8637 -0.3668 -0.3457
vn 0.6412 -0.5854 -0.4962
vn 0.6398 -0.5693 -0.5163
vn 0.9802 -0.0861 -0.1785
vn 0.8637 -0.3668 -0.3456
vn 0.9823 -0.1011 -0.1577
vn 0.9822 0.1838 0.0392
vn 0.9822 0.1839 0.0392
vn 0.9802 -0.0860 -0.1785
vn 0.8620 0.4634 0.2056
vn 0.9822 0.1839 0.0393
vn 0.8638 0.4496 0.2272
vn 0.6411 0.6681 0.3777
vn 0.8638 0.4497 0.2273
vn 0.8619 0.4635 0.2056
vn 0.3329 0.8196 0.4662
vn 0.6410 0.6681 0.3777
vn 0.3412 0.8091 0.4785
vn -0.0014 -0.1848 0.9828
vn -0.1376 -0.2105 0.9679
vn -0.1370 -0.2103 0.9680
vn -0.0020 -0.1847 0.9828
vn 0.1400 -0.2112 0.9674
vn -0.0014 -0.1847 0.9828
vn 0.1407 -0.2114 0.9672
vn 0.1401 -0.2112 0.9673
vn 0.2635 -0.2629 0.9281
vn 0.2630 -0.2626 0.9284
vn 0.3522 -0.3581 0.8647
vn 0.2635 -0.2630 0.9281
vn 0.2631 -0.2626 0.9283
vn 0.2631 -0.2626 0.9284
vn 0.3526 -0.3586 0.8644
vn 0.4051 -0.4624 0.7887
vn 0.3526 -0.3586 0.8643
vn 0.4050 -0.4619 0.7891
vn 0.3996 -0.5824 0.7079
vn 0.4050 -0.4619 0.7890
vn 0.3995 -0.5829 0.7076
vn 0.3572 -0.6898 0.6298
vn 0.3995 -0.5830 0.7075
vn 0.3995 -0.5829 0.7075
vn 0.3575 -0.6894 0.6301
vn 0.2600 -0.7791 0.5704
vn 0.3572 -0.6898 0.6297
vn 0.3575 -0.6894 0.6300
vn 0.2595 -0.7795 0.5702
vn 0.1421 -0.8387 0.5257
vn 0.2600 -0.7792 0.5704
vn 0.2594 -0.7795 0.5701
vn 0.2595 -0.7795 0.5701
vn 0.1427 -0.8386 0.5258
vn -0.0013 -0.8563 0.5164
vn 0.1421 -0.8388 0.5256
vn -0.0019 -0.8563 0.5165
vn -0.1394 -0.8395 0.5251
vn -0.0020 -0.8563 0.5164
vn -0.0020 -0.8563 0.5165
vn -0.1389 -0.8397 0.5250
vn -0.2619 -0.7778 0.5713
vn -0.1395 -0.8395 0.5251
vn -0.2624 -0.7774 0.5716
vn -0.3558 -0.6918 0.6283
vn -0.2620 -0.7778 0.5713
vn -0.2625 -0.7774 0.5716
vn -0.3555 -0.6922 0.6280
vn -0.3558 -0.6918 0.6284
vn -0.4000 -0.5803 0.7094
vn -0.3555 -0.6922 0.6281
vn -0.4001 -0.5798 0.7098
vn -0.4056 -0.4647 0.7871
vn -0.4001 -0.5803 0.7094
vn -0.4002 -0.5797 0.7098
vn -0.4002 -0.5798 0.7098
vn -0.4057 -0.4652 0.7868
vn -0.3510 -0.3563 0.8660
vn -0.4056 -0.4646 0.7871
vn -0.4057 -0.4651 0.7868
vn -0.3506 -0.3558 0.8663
vn -0.2657 -0.2644 0.9271
vn -0.3509 -0.3562 0.8660
vn -0.2662 -0.2647 0.9269
vn -0.1377 -0.2105 0.9678
vn -0.2656 -0.2644 0.9271
vn -0.2661 -0.2647 0.9269
vn -0.1377 -0.2105 0.9679
vn -0.0000 -0.5729 0.8196
vt 0.578538 0.355995
vt 0.576614 0.347960
vt 0.577404 0.339737
vt 0.580821 0.332215
vt 0.586494 0.326210
vt 0.593811 0.322374
vt 0.601977 0.321120
vt 0.610106 0.322586
vt 0.617320 0.326612
vt 0.622836 0.332763
vt 0.626055 0.340371
vt 0.626630 0.348612
vt 0.624499 0.356594
vt 0.619890 0.363450
vt 0.613305 0.368439
vt 0.605457 0.371019
vt 0.597196 0.370912
vt 0.589418 0.368128
vt 0.582965 0.362969
vt 0.317619 0.395179
vt 0.276512 0.418642
vt 0.266904 0.406921
vt 0.312370 0.380952
vt 0.364130 0.386384
vt 0.363786 0.371217
vt 0.410986 0.393115
vt 0.415563 0.378646
vt 0.453176 0.414588
vt 0.462170 0.402361
vt 0.486223 0.448485
vt 0.498672 0.439798
vt 0.506631 0.491201
vt 0.521211 0.486978
vt 0.512233 0.538210
vt 0.527393 0.538907
vt 0.502398 0.584517
vt 0.516507 0.590083
vt 0.478062 0.625120
vt 0.489560 0.634988
vt 0.441721 0.655450
vt 0.449282 0.668559
vt 0.397328 0.671866
vt 0.400028 0.686758
vt 0.349998 0.671867
vt 0.347694 0.686884
vt 0.304912 0.657462
vt 0.298013 0.671005
vt 0.266684 0.629560
vt 0.255852 0.640204
vt 0.239374 0.590907
vt 0.225711 0.597519
vt 0.225960 0.545521
vt 0.210907 0.547383
vt 0.227795 0.498230
vt 0.212981 0.495064
vt 0.245381 0.454292
vt 0.232456 0.446394
vt 0.932609 0.452606
vt 0.936059 0.501564
vt 0.923427 0.548986
vt 0.896078 0.589731
vt 0.856966 0.619375
vt 0.810317 0.634696
vt 0.761235 0.634272
vt 0.715044 0.617721
vt 0.676695 0.587074
vt 0.650355 0.545642
vt 0.638891 0.497906
vt 0.643546 0.449036
vt 0.663816 0.404325
vt 0.697496 0.368613
vt 0.740928 0.345765
vt 0.789453 0.338381
vt 0.837777 0.347032
vt 0.880657 0.370910
vt 0.913450 0.407422
vt 0.322450 0.408278
vt 0.285357 0.429437
vt 0.364444 0.400347
vt 0.406772 0.406435
vt 0.444895 0.425842
vt 0.474764 0.456480
vt 0.493210 0.495090
vt 0.498278 0.537571
vt 0.489407 0.579397
vt 0.467470 0.616039
vt 0.434753 0.643379
vt 0.394836 0.658142
vt 0.352113 0.658056
vt 0.311259 0.644998
vt 0.276651 0.619759
vt 0.251950 0.584818
vt 0.239813 0.543808
vt 0.241441 0.501148
vt 0.257282 0.461567
vt 0.738021 0.336942
vt 0.691916 0.361225
vt 0.665838 0.326827
vt 0.724647 0.295905
vt 0.789567 0.329198
vt 0.790242 0.286052
vt 0.840896 0.338361
vt 0.855425 0.297734
vt 0.886428 0.363704
vt 0.913352 0.329980
vt 0.921250 0.402472
vt 0.957669 0.379316
vt 0.941594 0.450451
vt 0.983560 0.440375
vt 0.945258 0.502438
vt 0.988221 0.506531
vt 0.931845 0.552792
vt 0.971149 0.570614
vt 0.902803 0.596048
vt 0.934185 0.625665
vt 0.861269 0.627500
vt 0.881355 0.665677
vt 0.811703 0.643726
vt 0.818536 0.686328
vt 0.759579 0.643460
vt 0.752207 0.685992
vt 0.710555 0.625841
vt 0.689563 0.663568
vt 0.669829 0.593266
vt 0.637713 0.622104
vt 0.641856 0.549255
vt 0.602124 0.566101
vt 0.629681 0.498556
vt 0.586634 0.501589
vt 0.634626 0.446654
vt 0.592924 0.435544
vt 0.656151 0.399165
vt 0.620314 0.375115
vt 0.636307 0.678567
vt 0.636307 0.708174
vt 0.606672 0.708174
vt 0.606672 0.678567
vt 0.826746 0.839543
vt 0.784435 0.839543
vt 0.784497 0.812070
vt 0.826683 0.812070
vt 0.826746 0.911066
vt 0.854218 0.839613
vt 0.854219 0.910995
vt 0.784436 0.911067
vt 0.826684 0.938539
vt 0.784498 0.938540
vt 0.756963 0.910996
vt 0.756963 0.839614
vt 0.822739 0.843518
vt 0.788442 0.843519
vt 0.822734 0.907090
vt 0.788448 0.907091
vt 0.819751 0.846334
vt 0.791430 0.846334
vt 0.819742 0.904698
vt 0.791440 0.904698
vt 0.636307 0.712407
vt 0.606672 0.712406
vt 0.120210 0.963631
vt 0.090674 0.961582
vt 0.090674 0.957350
vt 0.150384 0.957350
vt 0.147505 0.971210
vt 0.142165 0.980021
vt 0.606672 0.640867
vt 0.606672 0.626711
vt 0.636307 0.626711
vt 0.636307 0.640867
vt 0.762089 0.016799
vt 0.740133 0.033190
vt 0.734793 0.024380
vt 0.731915 0.010519
vt 0.791624 0.010519
vt 0.791624 0.014751
vt 0.606672 0.651169
vt 0.636307 0.651169
vt 0.102580 0.316582
vt 0.123164 0.316110
vt 0.123681 0.372911
vt 0.105195 0.373353
vt 0.081951 0.317749
vt 0.086632 0.374370
vt 0.061261 0.319646
vt 0.067776 0.375943
vt 0.040578 0.322157
vt 0.047949 0.378479
vt 0.185166 0.318869
vt 0.205907 0.321082
vt 0.199472 0.377587
vt 0.179619 0.375290
vt 0.164373 0.317217
vt 0.160774 0.373941
vt 0.143711 0.316343
vt 0.142199 0.373138
vt 0.123740 0.685281
vt 0.124062 0.743378
vt 0.107154 0.743646
vt 0.105783 0.685684
vt 0.090263 0.744196
vt 0.087999 0.686564
vt 0.073406 0.744849
vt 0.070866 0.687607
vt 0.056608 0.745443
vt 0.054159 0.688347
vt 0.193365 0.687656
vt 0.191526 0.744701
vt 0.174724 0.744290
vt 0.176643 0.687040
vt 0.157865 0.743818
vt 0.159489 0.686170
vt 0.140971 0.743455
vt 0.141696 0.685482
vt 0.124319 0.786790
vt 0.107680 0.786946
vt 0.091012 0.787193
vt 0.074303 0.787473
vt 0.057552 0.787766
vt 0.191089 0.786993
vt 0.174337 0.786899
vt 0.157627 0.786812
vt 0.140959 0.786756
vt 0.124584 0.829330
vt 0.108104 0.829294
vt 0.091543 0.829032
vt 0.074876 0.828684
vt 0.058131 0.828521
vt 0.191019 0.827727
vt 0.174278 0.828097
vt 0.157617 0.828645
vt 0.141062 0.829101
vt 0.124786 0.861423
vt 0.108122 0.861032
vt 0.091390 0.859848
vt 0.074630 0.858382
vt 0.057879 0.857331
vt 0.191637 0.856514
vt 0.174901 0.857777
vt 0.158161 0.859450
vt 0.141445 0.860834
vt 0.124969 0.890353
vt 0.107608 0.889293
vt 0.090324 0.886449
vt 0.073256 0.883124
vt 0.056483 0.880551
vt 0.193334 0.879703
vt 0.176595 0.882492
vt 0.159567 0.886030
vt 0.142317 0.889084
vt 0.125047 0.903092
vt 0.107111 0.902010
vt 0.089273 0.899105
vt 0.071506 0.895656
vt 0.054446 0.892205
vt 0.195527 0.891323
vt 0.178510 0.894997
vt 0.160779 0.898668
vt 0.142971 0.901792
vt 0.105644 0.381409
vt 0.123731 0.380940
vt 0.087598 0.382435
vt 0.069372 0.383772
vt 0.051845 0.385279
vt 0.178113 0.383182
vt 0.195645 0.384565
vt 0.159880 0.382038
vt 0.141822 0.381194
vt 0.105472 0.943028
vt 0.106655 0.909468
vt 0.125090 0.910383
vt 0.125288 0.944124
vt 0.085911 0.939985
vt 0.088237 0.906946
vt 0.066428 0.936165
vt 0.069569 0.903844
vt 0.046167 0.933741
vt 0.049922 0.900388
vt 0.180562 0.903171
vt 0.200166 0.899448
vt 0.204367 0.932761
vt 0.184123 0.935445
vt 0.161919 0.906512
vt 0.164655 0.939512
vt 0.143518 0.909255
vt 0.145102 0.942794
vt 0.125336 0.952498
vt 0.104823 0.951366
vt 0.084833 0.948248
vt 0.065684 0.944423
vt 0.047874 0.942695
vt 0.202780 0.941746
vt 0.184979 0.943723
vt 0.165841 0.947798
vt 0.145850 0.951149
vt 0.250954 0.695996
vt 0.242074 0.716270
vt 0.215917 0.715745
vt 0.232829 0.677128
vt 0.271569 0.687937
vt 0.272095 0.661779
vt 0.291845 0.696818
vt 0.310713 0.678692
vt 0.299903 0.717433
vt 0.326060 0.717958
vt 0.291023 0.737708
vt 0.309148 0.756576
vt 0.270408 0.745766
vt 0.269882 0.771924
vt 0.250132 0.736886
vt 0.231264 0.755011
vt 0.897900 0.850511
vt 0.895137 0.832108
vt 0.953280 0.832108
vt 0.950517 0.850511
vt 0.897896 0.950629
vt 0.950512 0.950632
vt 0.953275 0.969035
vt 0.895131 0.969032
vt 0.894344 0.874842
vt 0.894342 0.926297
vt 0.892286 0.935394
vt 0.884091 0.939996
vt 0.867176 0.943794
vt 0.867179 0.857342
vt 0.884094 0.861142
vt 0.892288 0.865745
vt 0.948359 0.926801
vt 0.900052 0.926800
vt 0.900528 0.874220
vt 0.947888 0.874221
vt 0.981234 0.943799
vt 0.964319 0.940000
vt 0.956125 0.935396
vt 0.954069 0.926300
vt 0.954072 0.874844
vt 0.956128 0.865747
vt 0.964323 0.861145
vt 0.981238 0.857347
vt 0.949471 0.862235
vt 0.898946 0.862235
vt 0.898438 0.939024
vt 0.949972 0.939027
vt 0.960824 0.855308
vt 0.979370 0.850844
vt 0.869049 0.850839
vt 0.887594 0.855305
vt 0.887590 0.945833
vt 0.869045 0.950297
vt 0.979364 0.950302
vt 0.960819 0.945837
vt 0.591379 0.169618
vt 0.560951 0.145106
vt 0.592030 0.101841
vt 0.628146 0.131239
vt 0.618089 0.198387
vt 0.659802 0.165562
vt 0.640480 0.230699
vt 0.686248 0.204332
vt 0.658099 0.266860
vt 0.706990 0.246932
vt 0.669405 0.306210
vt 0.722602 0.292386
vt 0.133400 0.267179
vt 0.122289 0.306640
vt 0.068977 0.292840
vt 0.084449 0.247318
vt 0.150605 0.230814
vt 0.104992 0.204565
vt 0.172959 0.198137
vt 0.131281 0.165607
vt 0.199666 0.169371
vt 0.162857 0.131112
vt 0.230077 0.144770
vt 0.198962 0.101588
vt 0.263569 0.124630
vt 0.238785 0.077450
vt 0.299496 0.109244
vt 0.281511 0.059040
vt 0.337172 0.098864
vt 0.326322 0.046627
vt 0.375964 0.093583
vt 0.372392 0.040377
vt 0.415140 0.093833
vt 0.418851 0.040642
vt 0.453899 0.099137
vt 0.464849 0.046933
vt 0.491571 0.109589
vt 0.509585 0.059378
vt 0.527474 0.124996
vt 0.552245 0.077773
vt 0.509418 0.254467
vt 0.450194 0.335219
vt 0.440981 0.326993
vt 0.491998 0.240932
vt 0.524549 0.269538
vt 0.458908 0.345261
vt 0.537143 0.285291
vt 0.467241 0.357117
vt 0.547094 0.300818
vt 0.475651 0.370509
vt 0.554663 0.315825
vt 0.485975 0.383676
vt 0.244941 0.298896
vt 0.314966 0.370071
vt 0.304416 0.383044
vt 0.237696 0.313560
vt 0.254674 0.283857
vt 0.323476 0.356740
vt 0.267033 0.268478
vt 0.331837 0.344930
vt 0.281960 0.253688
vt 0.340510 0.334928
vt 0.299214 0.240331
vt 0.349629 0.326742
vt 0.318462 0.229028
vt 0.359186 0.320310
vt 0.339309 0.220221
vt 0.369108 0.315558
vt 0.361297 0.214210
vt 0.379293 0.312425
vt 0.383965 0.211206
vt 0.389629 0.310882
vt 0.406887 0.211330
vt 0.400157 0.310939
vt 0.429594 0.214463
vt 0.410761 0.312537
vt 0.451651 0.220590
vt 0.421172 0.315719
vt 0.472616 0.229504
vt 0.431281 0.320518
vt 0.883373 0.702843
vt 0.899105 0.700327
vt 0.914801 0.703055
vt 0.928760 0.710732
vt 0.939470 0.722526
vt 0.945771 0.737158
vt 0.946979 0.753043
vt 0.942963 0.768460
vt 0.934160 0.781737
vt 0.921522 0.791436
vt 0.906418 0.796507
vt 0.890487 0.796403
vt 0.875457 0.791128
vt 0.862951 0.781258
vt 0.854328 0.767861
vt 0.850522 0.752392
vt 0.851944 0.736524
vt 0.858443 0.721978
vt 0.869311 0.710330
vt 0.817079 0.754935
vt 0.819488 0.728071
vt 0.835763 0.732309
vt 0.833849 0.753660
vt 0.830489 0.703444
vt 0.844506 0.712737
vt 0.848891 0.683724
vt 0.859131 0.697066
vt 0.872698 0.671047
vt 0.878052 0.686991
vt 0.899332 0.666789
vt 0.899218 0.683607
vt 0.925906 0.671408
vt 0.920337 0.687277
vt 0.949539 0.684405
vt 0.939119 0.697606
vt 0.967672 0.704372
vt 0.953531 0.713475
vt 0.978339 0.729145
vt 0.962008 0.733163
vt 0.980384 0.756039
vt 0.963633 0.754537
vt 0.973586 0.782139
vt 0.958230 0.775279
vt 0.958682 0.804618
vt 0.946386 0.793144
vt 0.937287 0.821038
vt 0.929382 0.806194
vt 0.911725 0.829618
vt 0.909060 0.813015
vt 0.884753 0.829455
vt 0.887625 0.812882
vt 0.859296 0.820519
vt 0.867400 0.805782
vt 0.838123 0.803807
vt 0.850574 0.792499
vt 0.823524 0.781127
vt 0.838971 0.774475
vt 0.524660 0.195195
vt 0.548310 0.213852
vt 0.613499 0.071780
vt 0.653563 0.104504
vt 0.569304 0.235307
vt 0.688616 0.142648
vt 0.586835 0.259213
vt 0.717780 0.185448
vt 0.600320 0.285814
vt 0.740581 0.231702
vt 0.607387 0.314633
vt 0.758283 0.279742
vt 0.184807 0.315134
vt 0.191155 0.286073
vt 0.033254 0.280262
vt 0.050814 0.232163
vt 0.204472 0.259284
vt 0.073419 0.185777
vt 0.221985 0.235020
vt 0.102424 0.142790
vt 0.242786 0.213420
vt 0.137399 0.104455
vt 0.266423 0.194736
vt 0.177464 0.071579
vt 0.292477 0.179298
vt 0.221672 0.044703
vt 0.320484 0.167429
vt 0.269093 0.024219
vt 0.349955 0.159369
vt 0.318811 0.010416
vt 0.380251 0.155290
vt 0.369920 0.003474
vt 0.410829 0.155493
vt 0.421429 0.003743
vt 0.441184 0.159652
vt 0.472413 0.010722
vt 0.470619 0.167820
vt 0.522025 0.024545
vt 0.498603 0.179739
vt 0.569353 0.044998
vt 0.324029 0.791735
vt 0.346570 0.822125
vt 0.325759 0.839396
vt 0.299172 0.812616
vt 0.307594 0.859546
vt 0.277559 0.836960
vt 0.292532 0.882395
vt 0.259734 0.864404
vt 0.281160 0.907780
vt 0.246055 0.894454
vt 0.274118 0.935259
vt 0.236070 0.926371
vt 0.686531 0.924311
vt 0.648558 0.933464
vt 0.641326 0.906051
vt 0.676310 0.892464
vt 0.629784 0.880813
vt 0.662450 0.862502
vt 0.614604 0.858066
vt 0.644408 0.835207
vt 0.596229 0.838049
vt 0.622566 0.811044
vt 0.575244 0.820963
vt 0.597505 0.790380
vt 0.552090 0.807001
vt 0.569805 0.773512
vt 0.527223 0.796359
vt 0.540049 0.760683
vt 0.501117 0.789209
vt 0.508824 0.752076
vt 0.474265 0.785673
vt 0.476724 0.747821
vt 0.447178 0.785834
vt 0.444349 0.748014
vt 0.420366 0.789645
vt 0.412300 0.752587
vt 0.394337 0.797058
vt 0.381173 0.761500
vt 0.369581 0.807943
vt 0.351555 0.774615
vt 0.434597 0.956141
vt 0.429057 0.961428
vt 0.387311 0.900326
vt 0.398440 0.891636
vt 0.423714 0.967891
vt 0.377738 0.909863
vt 0.418454 0.975490
vt 0.369852 0.919707
vt 0.412963 0.983961
vt 0.363654 0.929200
vt 0.406051 0.991946
vt 0.359006 0.938337
vt 0.517300 0.991387
vt 0.510315 0.983466
vt 0.559071 0.928226
vt 0.563810 0.937318
vt 0.504759 0.975034
vt 0.552787 0.918769
vt 0.499456 0.967473
vt 0.544827 0.908967
vt 0.494087 0.961057
vt 0.535188 0.899514
vt 0.488535 0.955829
vt 0.523996 0.890938
vt 0.482783 0.951751
vt 0.511464 0.883654
vt 0.476861 0.948764
vt 0.497851 0.877968
vt 0.470815 0.946814
vt 0.483474 0.874090
vt 0.464699 0.945867
vt 0.468639 0.872171
vt 0.458531 0.945906
vt 0.453650 0.872265
vt 0.452366 0.946923
vt 0.438834 0.874353
vt 0.446288 0.948941
vt 0.424488 0.878386
vt 0.440349 0.951998
vt 0.410918 0.884220
vt 0.923525 0.196687
vt 0.924087 0.189285
vt 0.927021 0.182466
vt 0.932011 0.176969
vt 0.938515 0.173390
vt 0.945828 0.172117
vt 0.953159 0.173288
vt 0.959712 0.176775
vt 0.964778 0.182202
vt 0.967808 0.188979
vt 0.968473 0.196373
vt 0.966701 0.203582
vt 0.962684 0.209825
vt 0.956858 0.214426
vt 0.949854 0.216886
vt 0.942431 0.216935
vt 0.935392 0.214575
vt 0.929502 0.210056
vt 0.925398 0.203870
vt 0.973264 0.187556
vt 0.978749 0.186126
vt 0.979748 0.197228
vt 0.974095 0.196799
vt 0.969477 0.179085
vt 0.974201 0.175951
vt 0.963144 0.172302
vt 0.966595 0.167804
vt 0.954952 0.167942
vt 0.956755 0.162568
vt 0.945789 0.166479
vt 0.945749 0.160810
vt 0.936647 0.168070
vt 0.934769 0.162722
vt 0.928517 0.172544
vt 0.925003 0.168095
vt 0.922280 0.179415
vt 0.917512 0.176347
vt 0.918611 0.187939
vt 0.913106 0.186585
vt 0.917910 0.197192
vt 0.912263 0.197699
vt 0.920250 0.206171
vt 0.915075 0.208484
vt 0.925380 0.213904
vt 0.921236 0.217772
vt 0.932743 0.219551
vt 0.930079 0.224555
vt 0.941541 0.222501
vt 0.940644 0.228097
vt 0.950821 0.222443
vt 0.951790 0.228029
vt 0.959575 0.219367
vt 0.962309 0.224334
vt 0.966858 0.213615
vt 0.971056 0.217425
vt 0.971880 0.205810
vt 0.977087 0.208052
vt 0.373058 0.857479
vt 0.357087 0.870379
vt 0.280635 0.793794
vt 0.308322 0.770440
vt 0.343115 0.885261
vt 0.256601 0.820964
vt 0.331485 0.901907
vt 0.236835 0.851393
vt 0.322768 0.920242
vt 0.221665 0.884212
vt 0.318823 0.940145
vt 0.210294 0.918131
vt 0.603946 0.938585
vt 0.599799 0.918704
vt 0.700567 0.882061
vt 0.712234 0.915875
vt 0.590876 0.900440
vt 0.685291 0.849281
vt 0.579164 0.883917
vt 0.665221 0.819026
vt 0.565105 0.869243
vt 0.640927 0.792059
vt 0.549044 0.856530
vt 0.613012 0.768948
vt 0.531296 0.846029
vt 0.582141 0.750077
vt 0.512199 0.837968
vt 0.548982 0.735730
vt 0.492101 0.832510
vt 0.514193 0.726112
vt 0.471387 0.829809
vt 0.478433 0.721354
vt 0.450484 0.829935
vt 0.442374 0.721570
vt 0.429796 0.832858
vt 0.406680 0.726674
vt 0.409749 0.838527
vt 0.372002 0.736631
vt 0.390722 0.846789
vt 0.338998 0.751291
vt 0.277509 0.790644
vt 0.305641 0.766889
vt 0.306984 0.768702
vt 0.279088 0.792252
vt 0.253108 0.818228
vt 0.254890 0.819609
vt 0.233034 0.849056
vt 0.234986 0.850193
vt 0.217559 0.882330
vt 0.219654 0.883197
vt 0.205897 0.917176
vt 0.208139 0.917538
vt 0.704615 0.880157
vt 0.716623 0.914882
vt 0.714385 0.915266
vt 0.702527 0.881041
vt 0.689103 0.846890
vt 0.687161 0.848042
vt 0.668685 0.816262
vt 0.666917 0.817658
vt 0.644022 0.788886
vt 0.642458 0.790508
vt 0.615658 0.765378
vt 0.614333 0.767202
vt 0.584267 0.746161
vt 0.583210 0.748154
vt 0.550531 0.731540
vt 0.549763 0.733665
vt 0.515129 0.721738
vt 0.514666 0.723951
vt 0.478739 0.716885
vt 0.478590 0.719143
vt 0.442039 0.717105
vt 0.442207 0.719361
vt 0.405706 0.722304
vt 0.406188 0.724514
vt 0.370414 0.732451
vt 0.371202 0.734570
vt 0.336836 0.747390
vt 0.337912 0.749375
vt 0.655618 0.102368
vt 0.615250 0.069378
vt 0.690921 0.140790
vt 0.720280 0.183830
vt 0.743238 0.230241
vt 0.760977 0.278046
vt 0.048157 0.230700
vt 0.030558 0.278566
vt 0.070923 0.184158
vt 0.100123 0.140936
vt 0.135347 0.102328
vt 0.175715 0.069185
vt 0.220271 0.042080
vt 0.268074 0.021420
vt 0.318194 0.007498
vt 0.369696 0.000500
vt 0.421620 0.000756
vt 0.473035 0.007798
vt 0.523047 0.021740
vt 0.570754 0.042367
vt 0.845077 0.265171
vt 0.828942 0.265171
vt 0.827418 0.216112
vt 0.837009 0.215917
vt 0.846599 0.216111
vt 0.817833 0.216513
vt 0.812838 0.266174
vt 0.808272 0.217303
vt 0.798731 0.218298
vt 0.796827 0.268173
vt 0.789239 0.219680
vt 0.779778 0.221265
vt 0.780971 0.271161
vt 0.770390 0.223232
vt 0.761045 0.225401
vt 0.765174 0.275172
vt 0.751953 0.227902
vt 0.912974 0.225392
vt 0.922066 0.227893
vt 0.908846 0.275163
vt 0.893049 0.271153
vt 0.903628 0.223224
vt 0.894239 0.221257
vt 0.877193 0.268167
vt 0.884778 0.219674
vt 0.875284 0.218293
vt 0.861182 0.266170
vt 0.865743 0.217300
vt 0.856183 0.216511
vt 0.498846 0.697186
vt 0.489314 0.695798
vt 0.491178 0.690683
vt 0.498848 0.692039
vt 0.508379 0.695805
vt 0.506519 0.690689
vt 0.516573 0.690741
vt 0.513267 0.686797
vt 0.522988 0.683556
vt 0.518275 0.680832
vt 0.526011 0.674410
vt 0.520942 0.673514
vt 0.526305 0.664782
vt 0.520944 0.665725
vt 0.522742 0.655832
vt 0.518284 0.658404
vt 0.516779 0.648268
vt 0.513279 0.652436
vt 0.508297 0.643702
vt 0.506535 0.648538
vt 0.498867 0.641740
vt 0.498865 0.647184
vt 0.489435 0.643695
vt 0.491193 0.648532
vt 0.480949 0.648254
vt 0.484447 0.652425
vt 0.474981 0.655815
vt 0.479437 0.658390
vt 0.471411 0.664761
vt 0.476771 0.665709
vt 0.471698 0.674389
vt 0.476767 0.673498
vt 0.474714 0.683537
vt 0.479429 0.680818
vt 0.481123 0.690728
vt 0.484433 0.686787
s 0
usemtl 02_-_Default
f 83/58/42 84/59/43 85/60/44
f 85/60/44 86/61/45 87/62/46
f 87/62/46 88/63/47 89/64/48
f 85/60/44 87/62/46 89/64/48
f 89/64/48 90/65/49 91/66/50
f 91/66/50 92/67/51 93/68/52
f 89/64/48 91/66/50 93/68/53
f 85/60/54 89/64/48 93/68/52
f 94/69/55 95/70/56 77/71/57
f 93/68/52 94/69/55 77/71/57
f 77/71/58 78/72/59 79/73/60
f 79/73/60 80/74/61 81/75/62
f 77/71/57 79/73/63 81/75/62
f 93/68/64 77/71/57 81/75/65
f 85/60/44 93/68/64 81/75/62
f 83/58/42 85/60/44 81/75/65
f 83/58/42 81/75/62 82/76/66
f 59/96/114 58/97/115 39/98/3
f 39/98/3 40/99/2 59/96/114
f 60/100/116 59/96/114 40/99/5
f 40/99/5 41/101/4 60/100/116
f 61/102/117 60/100/116 41/101/7
f 41/101/7 42/103/6 61/102/118
f 62/104/119 61/102/117 42/103/9
f 42/103/9 43/105/8 62/104/119
f 63/106/120 62/104/119 43/105/11
f 43/105/11 44/107/10 63/106/120
f 64/108/121 63/106/120 44/107/13
f 44/107/13 45/109/12 64/108/121
f 65/110/122 64/108/121 45/109/15
f 45/109/15 46/111/14 65/110/122
f 66/112/123 65/110/122 46/111/17
f 46/111/17 47/113/16 66/112/124
f 67/114/125 66/112/123 47/113/19
f 47/113/19 48/115/18 67/114/126
f 68/116/127 67/114/126 48/115/21
f 48/115/22 49/117/20 68/116/127
f 69/118/128 68/116/127 49/117/24
f 49/117/24 50/119/23 69/118/129
f 70/120/130 69/118/129 50/119/26
f 50/119/26 51/121/25 70/120/130
f 71/122/131 70/120/130 51/121/28
f 51/121/28 52/123/27 71/122/132
f 72/124/133 71/122/132 52/123/30
f 52/123/30 53/125/29 72/124/134
f 73/126/135 72/124/133 53/125/32
f 53/125/136 54/127/31 73/126/137
f 74/128/138 73/126/137 54/127/34
f 54/127/34 55/129/33 74/128/138
f 75/130/139 74/128/138 55/129/37
f 55/129/37 56/131/36 75/130/140
f 76/132/141 75/130/140 56/131/39
f 56/131/39 57/133/38 76/132/141
f 58/97/115 76/132/141 57/133/41
f 57/133/41 39/98/40 58/97/115
f 59/96/142 78/72/59 77/71/57
f 77/71/57 58/97/143 59/96/142
f 60/100/144 79/73/60 78/72/59
f 78/72/59 59/96/145 60/100/146
f 61/102/147 80/74/61 79/73/60
f 79/73/60 60/100/146 61/102/147
f 62/104/148 81/75/62 80/74/61
f 80/74/61 61/102/147 62/104/148
f 63/106/149 82/76/66 81/75/62
f 81/75/62 62/104/148 63/106/150
f 64/108/151 83/58/42 82/76/66
f 82/76/66 63/106/150 64/108/151
f 65/110/152 84/59/43 83/58/42
f 83/58/42 64/108/151 65/110/153
f 66/112/154 85/60/44 84/59/43
f 84/59/43 65/110/153 66/112/154
f 67/114/155 86/61/45 85/60/44
f 85/60/44 66/112/154 67/114/155
f 68/116/156 87/62/157 86/61/45
f 86/61/45 67/114/155 68/116/158
f 69/118/159 88/63/47 87/62/157
f 87/62/157 68/116/158 69/118/159
f 70/120/160 89/64/48 88/63/47
f 88/63/47 69/118/159 70/120/161
f 71/122/162 90/65/163 89/64/48
f 89/64/48 70/120/160 71/122/164
f 72/124/165 91/66/50 90/65/163
f 90/65/163 71/122/162 72/124/165
f 73/126/166 92/67/51 91/66/50
f 91/66/50 72/124/165 73/126/166
f 74/128/167 93/68/168 92/67/51
f 92/67/51 73/126/166 74/128/169
f 75/130/170 94/69/171 93/68/168
f 93/68/168 74/128/169 75/130/170
f 76/132/172 95/70/56 94/69/171
f 94/69/171 75/130/170 76/132/172
f 58/97/143 77/71/57 95/70/56
f 95/70/56 76/132/172 58/97/143
f 368/351/526 371/352/527 372/353/528
f 372/353/528 367/354/529 368/351/526
f 374/355/530 368/351/526 367/354/531
f 367/354/531 373/356/532 374/355/530
f 377/357/533 374/355/530 373/356/534
f 373/356/534 376/358/535 377/357/533
f 380/359/536 377/357/537 376/358/538
f 376/358/538 379/360/539 380/359/536
f 383/361/540 380/359/541 379/360/539
f 379/360/539 382/362/542 383/361/543
f 386/363/544 383/364/543 382/365/545
f 382/365/545 385/366/546 386/363/544
f 389/367/547 386/363/548 385/366/549
f 385/366/549 388/368/550 389/367/547
f 392/369/551 389/367/552 388/368/553
f 388/368/553 391/370/554 392/369/551
f 395/371/555 392/369/556 391/370/557
f 391/370/557 394/372/558 395/371/555
f 398/373/559 395/371/555 394/372/560
f 394/372/560 397/374/561 398/373/562
f 401/375/563 398/373/559 397/374/564
f 397/374/564 400/376/565 401/375/563
f 404/377/566 401/375/567 400/376/568
f 400/376/568 403/378/569 404/377/566
f 407/379/570 404/377/571 403/378/572
f 403/378/572 406/380/573 407/379/570
f 410/381/574 407/379/575 406/380/576
f 406/380/577 409/382/578 410/381/574
f 413/383/579 410/381/580 409/382/581
f 409/382/581 412/384/582 413/383/583
f 416/385/584 413/383/579 412/384/585
f 412/384/585 415/386/586 416/385/584
f 419/387/587 416/385/588 415/386/589
f 415/386/589 418/388/590 419/387/591
f 422/389/592 419/387/587 418/388/590
f 418/388/590 421/390/593 422/389/592
f 371/352/594 422/389/592 421/390/595
f 421/390/595 372/353/596 371/352/594
f 292/391/597 311/392/598 313/393/599
f 313/393/599 291/394/600 292/391/597
f 293/395/601 315/396/602 311/392/603
f 311/392/598 292/391/604 293/395/601
f 294/397/605 317/398/606 315/396/607
f 315/396/602 293/395/608 294/397/605
f 295/399/609 319/400/610 317/398/611
f 317/398/611 294/397/612 295/399/609
f 296/401/613 321/402/614 319/400/615
f 319/400/616 295/399/617 296/401/613
f 297/403/618 323/404/619 321/405/614
f 321/405/614 296/406/620 297/403/618
f 298/407/621 325/408/622 323/404/623
f 323/404/624 297/403/625 298/407/621
f 299/409/626 327/410/627 325/408/628
f 325/408/629 298/407/630 299/409/626
f 300/411/631 329/412/632 327/410/633
f 327/410/627 299/409/634 300/411/631
f 301/413/635 331/414/636 329/412/637
f 329/412/637 300/411/638 301/413/635
f 302/415/639 333/416/640 331/414/641
f 331/414/636 301/413/642 302/415/639
f 303/417/643 335/418/644 333/416/640
f 333/416/640 302/415/645 303/417/643
f 304/419/646 337/420/647 335/418/648
f 335/418/644 303/417/649 304/419/646
f 305/421/650 339/422/651 337/420/652
f 337/420/647 304/419/653 305/421/650
f 306/423/654 341/424/655 339/422/651
f 339/422/651 305/421/656 306/423/654
f 307/425/657 343/426/658 341/424/659
f 341/424/659 306/423/654 307/425/660
f 308/427/661 345/428/662 343/426/663
f 343/426/663 307/425/664 308/427/661
f 309/429/665 347/430/666 345/428/662
f 345/428/662 308/427/667 309/429/665
f 291/394/668 313/393/669 347/430/670
f 347/430/666 309/429/671 291/394/668
f 351/431/672 352/432/673 353/433/674
f 353/433/675 354/434/676 355/435/677
f 355/435/678 356/436/679 357/437/680
f 353/433/675 355/435/681 357/437/680
f 357/437/682 358/438/683 359/439/684
f 359/439/684 360/440/685 361/441/686
f 357/437/680 359/439/684 361/441/686
f 361/441/686 362/442/687 363/443/688
f 363/443/688 364/444/689 365/445/690
f 361/441/686 363/443/688 365/445/690
f 357/437/691 361/441/692 365/445/693
f 353/433/675 357/437/682 365/445/690
f 366/446/694 348/447/695 349/448/696
f 365/445/690 366/446/694 349/448/696
f 353/433/675 365/445/690 349/448/697
f 351/431/698 353/433/675 349/448/697
f 351/431/699 349/448/696 350/449/700
f 313/450/701 311/451/702 310/452/703
f 310/452/703 312/453/704 313/450/701
f 311/451/705 315/454/706 314/455/707
f 314/455/707 310/452/708 311/451/705
f 315/454/607 317/456/709 316/457/710
f 316/457/710 314/455/711 315/454/607
f 317/456/709 319/458/712 318/459/713
f 318/459/713 316/457/714 317/456/709
f 319/458/715 321/460/716 320/461/717
f 320/461/717 318/459/718 319/458/715
f 321/460/719 323/462/619 322/463/720
f 322/463/720 320/461/721 321/460/719
f 323/462/623 325/464/722 324/465/723
f 324/465/723 322/463/724 323/462/619
f 325/464/628 327/466/725 326/467/726
f 326/467/726 324/465/727 325/464/628
f 327/466/633 329/468/728 328/469/729
f 328/469/729 326/467/730 327/466/725
f 329/468/637 331/470/731 330/471/732
f 330/471/732 328/469/733 329/468/728
f 331/470/731 333/472/734 332/473/735
f 332/473/735 330/471/736 331/470/731
f 333/472/734 335/474/648 334/475/737
f 334/475/737 332/473/738 333/472/734
f 335/474/648 337/476/739 336/477/740
f 336/477/740 334/475/741 335/474/648
f 337/476/742 339/478/743 338/479/744
f 338/479/744 336/477/740 337/476/742
f 339/478/743 341/480/745 340/481/746
f 340/481/747 338/479/744 339/478/743
f 341/480/748 343/482/749 342/483/750
f 342/483/751 340/481/747 341/480/748
f 343/482/752 345/484/753 344/485/754
f 344/485/754 342/483/755 343/482/752
f 345/484/756 347/486/757 346/487/758
f 346/487/758 344/485/759 345/484/756
f 347/486/670 313/450/701 312/453/760
f 312/453/760 346/487/758 347/486/670
f 349/448/761 348/447/762 310/452/763
f 310/452/763 314/455/707 349/448/761
f 350/449/764 349/448/765 314/455/766
f 314/455/707 316/457/767 350/449/764
f 351/431/672 350/449/764 316/457/767
f 316/457/767 318/459/768 351/431/672
f 352/432/769 351/431/770 318/459/768
f 318/459/768 320/461/717 352/432/769
f 353/433/674 352/432/771 320/461/717
f 320/461/717 322/463/772 353/433/773
f 354/434/774 353/433/674 322/463/772
f 322/463/772 324/465/775 354/434/774
f 355/435/776 354/434/774 324/465/775
f 324/465/775 326/467/777 355/435/778
f 356/436/779 355/435/678 326/467/777
f 326/467/777 328/469/780 356/436/779
f 357/437/682 356/436/779 328/469/780
f 328/469/780 330/471/736 357/437/682
f 358/438/781 357/437/782 330/471/736
f 330/471/783 332/473/784 358/438/785
f 359/439/786 358/438/787 332/473/784
f 332/473/784 334/475/741 359/439/786
f 360/440/788 359/439/789 334/475/741
f 334/475/790 336/477/791 360/440/788
f 361/441/686 360/440/792 336/477/791
f 336/477/791 338/479/793 361/441/686
f 362/442/794 361/441/692 338/479/793
f 338/479/793 340/481/747 362/442/794
f 363/443/795 362/442/794 340/481/747
f 340/481/747 342/483/796 363/443/795
f 364/444/797 363/443/798 342/483/796
f 342/483/796 344/485/799 364/444/797
f 365/445/800 364/444/801 344/485/799
f 344/485/799 346/487/802 365/445/800
f 366/446/803 365/445/800 346/487/802
f 346/487/804 312/453/704 366/446/803
f 348/447/762 366/446/805 312/453/704
f 312/453/704 310/452/763 348/447/762
f 292/391/806 291/394/807 370/488/808
f 370/488/808 369/489/809 292/391/806
f 369/489/810 370/488/808 371/352/527
f 371/352/527 368/351/526 369/489/810
f 272/490/811 577/491/812 367/354/529
f 367/354/529 372/353/528 272/490/813
f 293/395/814 292/391/815 369/489/809
f 369/489/809 375/492/816 293/395/814
f 375/492/816 369/489/810 368/351/526
f 368/351/526 374/355/530 375/492/816
f 577/491/817 578/493/818 373/356/532
f 373/356/532 367/354/531 577/491/819
f 294/397/820 293/395/821 375/492/822
f 375/492/822 378/494/823 294/397/820
f 378/494/824 375/492/822 374/355/530
f 374/355/530 377/357/825 378/494/824
f 578/493/818 579/495/826 376/358/827
f 376/358/535 373/356/532 578/493/818
f 295/399/828 294/397/829 378/494/830
f 378/494/830 381/496/831 295/399/828
f 381/496/831 378/494/830 377/357/537
f 377/357/537 380/359/832 381/496/831
f 579/495/826 580/497/833 379/360/539
f 379/360/539 376/358/827 579/495/826
f 296/401/834 295/399/835 381/496/831
f 381/496/831 384/498/836 296/401/834
f 384/498/837 381/496/831 380/359/838
f 380/359/838 383/361/543 384/498/836
f 580/497/833 581/499/839 382/362/840
f 382/362/841 379/360/539 580/497/842
f 297/403/843 296/406/844 384/500/845
f 384/500/845 387/501/846 297/403/843
f 387/501/847 384/500/845 383/364/543
f 383/364/848 386/363/849 387/501/847
f 581/502/839 582/503/850 385/366/851
f 385/366/851 382/365/841 581/502/839
f 298/407/852 297/403/853 387/501/854
f 387/501/854 390/504/855 298/407/856
f 390/504/855 387/501/857 386/363/548
f 386/363/548 389/367/858 390/504/855
f 582/503/850 583/505/859 388/368/553
f 388/368/553 385/366/860 582/503/850
f 299/409/861 298/407/862 390/504/863
f 390/504/864 393/506/865 299/409/861
f 393/506/866 390/504/867 389/367/858
f 389/367/858 392/369/868 393/506/866
f 583/505/869 584/507/870 391/370/871
f 391/370/871 388/368/553 583/505/872
f 300/411/873 299/409/874 393/506/875
f 393/506/875 396/508/876 300/411/873
f 396/508/877 393/506/875 392/369/556
f 392/369/556 395/371/878 396/508/877
f 584/507/879 585/509/880 394/372/881
f 394/372/558 391/370/557 584/507/882
f 301/413/883 300/411/884 396/508/885
f 396/508/885 399/510/886 301/413/883
f 399/510/887 396/508/888 395/371/889
f 395/371/889 398/373/562 399/510/887
f 585/509/880 586/511/890 397/374/561
f 397/374/561 394/372/881 585/509/891
f 302/415/892 301/413/893 399/510/894
f 399/510/895 402/512/896 302/415/892
f 402/512/896 399/510/887 398/373/562
f 398/373/559 401/375/897 402/512/896
f 586/511/890 587/513/898 400/376/899
f 400/376/899 397/374/561 586/511/890
f 303/417/900 302/415/901 402/512/896
f 402/512/896 405/514/902 303/417/903
f 405/514/902 402/512/896 401/375/897
f 401/375/567 404/377/904 405/514/902
f 587/513/905 588/515/906 403/378/569
f 403/378/569 400/376/899 587/513/905
f 304/419/907 303/417/903 405/514/908
f 405/514/902 408/516/909 304/419/907
f 408/516/910 405/514/902 404/377/571
f 404/377/571 407/379/575 408/516/910
f 588/515/911 589/517/912 406/380/913
f 406/380/913 403/378/569 588/515/911
f 305/421/914 304/419/915 408/516/916
f 408/516/916 411/518/917 305/421/914
f 411/518/917 408/516/918 407/379/575
f 407/379/575 410/381/919 411/518/917
f 589/517/920 590/519/921 409/382/578
f 409/382/578 406/380/577 589/517/920
f 306/423/922 305/421/923 411/518/924
f 411/518/924 414/520/925 306/423/922
f 414/520/926 411/518/924 410/381/580
f 410/381/580 413/383/927 414/520/926
f 590/519/928 591/521/929 412/384/930
f 412/384/931 409/382/932 590/519/928
f 307/425/933 306/423/934 414/520/935
f 414/520/935 417/522/936 307/425/933
f 417/522/936 414/520/926 413/383/937
f 413/383/937 416/385/584 417/522/936
f 591/521/938 592/523/939 415/386/940
f 415/386/940 412/384/930 591/521/938
f 308/427/941 307/425/942 417/522/943
f 417/522/936 420/524/944 308/427/945
f 420/524/946 417/522/947 416/385/584
f 416/385/588 419/387/591 420/524/946
f 592/523/939 593/525/948 418/388/590
f 418/388/590 415/386/949 592/523/939
f 309/429/950 308/427/951 420/524/952
f 420/524/952 423/526/953 309/429/950
f 423/526/953 420/524/954 419/387/587
f 419/387/587 422/389/955 423/526/953
f 593/525/956 290/527/957 421/390/958
f 421/390/959 418/388/590 593/525/960
f 291/394/961 309/429/950 423/526/953
f 423/526/953 370/488/962 291/394/961
f 370/488/963 423/526/953 422/389/592
f 422/389/592 371/352/594 370/488/963
f 290/527/964 272/490/965 372/353/528
f 372/353/528 421/390/595 290/527/964
f 465/568/1023 463/569/1024 444/570/1025
f 444/570/1026 443/571/1027 465/568/1023
f 463/569/1028 467/572/1029 445/573/1030
f 445/573/1031 444/570/1032 463/569/1028
f 467/572/1033 469/574/1034 446/575/1035
f 446/575/1036 445/573/1037 467/572/1033
f 469/574/1034 471/576/1038 447/577/1039
f 447/577/1040 446/575/1041 469/574/1034
f 471/576/1042 473/578/1043 448/579/1044
f 448/579/1045 447/577/1046 471/576/1042
f 473/580/1047 475/581/1048 449/582/1049
f 449/582/1050 448/583/1051 473/580/1047
f 475/581/1052 477/584/1053 450/585/1054
f 450/585/1055 449/582/1049 475/581/1052
f 477/584/1056 479/586/1057 451/587/1058
f 451/587/1059 450/585/1060 477/584/1056
f 479/586/1061 481/588/1062 452/589/1063
f 452/589/1063 451/587/1064 479/586/1061
f 481/588/1065 483/590/1066 453/591/1067
f 453/591/1068 452/589/1069 481/588/1065
f 483/590/1070 485/592/1071 454/593/1072
f 454/593/1073 453/591/1074 483/590/1070
f 485/592/1075 487/594/1076 455/595/1077
f 455/595/1078 454/593/1079 485/592/1075
f 487/594/1080 489/596/1081 456/597/1082
f 456/597/1083 455/595/1084 487/594/1080
f 489/596/1085 491/598/1086 457/599/1087
f 457/599/1088 456/597/1089 489/596/1085
f 491/598/1086 493/600/1090 458/601/1091
f 458/601/1092 457/599/1093 491/598/1094
f 493/600/1095 495/602/1096 459/603/1097
f 459/603/1098 458/601/1091 493/600/1099
f 495/602/1100 497/604/1101 460/605/1102
f 460/605/1103 459/603/1104 495/602/1100
f 497/604/1105 499/606/1106 461/607/1107
f 461/607/1108 460/605/1109 497/604/1105
f 499/606/1110 465/568/1111 443/571/1112
f 443/571/1113 461/607/1114 499/606/1110
f 509/608/1115 508/609/1116 507/610/1117
f 507/610/1118 506/611/1119 505/612/1120
f 509/608/1121 507/610/1118 505/612/1120
f 505/612/1120 504/613/1122 503/614/1123
f 503/614/1124 502/615/1125 501/616/1126
f 505/612/1120 503/614/1124 501/616/1126
f 501/616/1126 500/617/1127 518/618/1128
f 501/616/1126 518/618/1128 517/619/1129
f 505/612/1120 501/616/1126 517/619/1130
f 509/608/1115 505/612/1120 517/619/1131
f 517/619/1131 516/620/1132 515/621/1133
f 515/621/1133 514/622/1134 513/623/1135
f 517/619/1131 515/621/1136 513/623/1135
f 509/608/1115 517/619/1129 513/623/1135
f 513/623/1135 512/624/1137 511/625/1138
f 509/608/1115 513/623/1139 511/625/1138
f 509/608/1115 511/625/1138 510/626/1140
f 462/627/1141 463/628/1024 465/629/1023
f 465/629/1142 464/630/1143 462/627/1141
f 466/631/1144 467/632/1145 463/628/1146
f 463/628/1024 462/627/1141 466/631/1144
f 468/633/1147 469/634/1148 467/632/1149
f 467/632/1149 466/631/1144 468/633/1147
f 470/635/1150 471/636/1151 469/634/1152
f 469/634/1153 468/633/1147 470/635/1150
f 472/637/1154 473/638/1155 471/636/1156
f 471/636/1156 470/635/1150 472/637/1154
f 474/639/1157 475/640/1158 473/638/1047
f 473/638/1047 472/637/1154 474/639/1157
f 476/641/1159 477/642/1160 475/640/1158
f 475/640/1158 474/639/1157 476/641/1161
f 478/643/1162 479/644/1163 477/642/1160
f 477/642/1160 476/641/1159 478/643/1162
f 480/645/1164 481/646/1165 479/644/1166
f 479/644/1167 478/643/1162 480/645/1164
f 482/647/1168 483/648/1169 481/646/1170
f 481/646/1171 480/645/1172 482/647/1168
f 484/649/1173 485/650/1174 483/648/1169
f 483/648/1169 482/647/1175 484/649/1173
f 486/651/1176 487/652/1177 485/650/1178
f 485/650/1174 484/649/1173 486/651/1176
f 488/653/1179 489/654/1180 487/652/1181
f 487/652/1182 486/651/1183 488/653/1179
f 490/655/1184 491/656/1185 489/654/1186
f 489/654/1187 488/653/1179 490/655/1184
f 492/657/1188 493/658/1189 491/656/1185
f 491/656/1185 490/655/1184 492/657/1188
f 494/659/1190 495/660/1191 493/658/1189
f 493/658/1095 492/657/1188 494/659/1190
f 496/661/1192 497/662/1193 495/660/1194
f 495/660/1194 494/659/1195 496/661/1192
f 498/663/1196 499/664/1197 497/662/1198
f 497/662/1198 496/661/1199 498/663/1196
f 464/630/1143 465/629/1200 499/664/1201
f 499/664/1202 498/663/1196 464/630/1143
f 462/627/1203 500/617/1204 501/616/1205
f 501/616/1205 466/631/1206 462/627/1203
f 466/631/1206 501/616/1205 502/615/1207
f 502/615/1207 468/633/1208 466/631/1206
f 468/633/1208 502/615/1207 503/614/1124
f 503/614/1124 470/635/1209 468/633/1208
f 470/635/1209 503/614/1210 504/613/1211
f 504/613/1211 472/637/1212 470/635/1209
f 472/637/1212 504/613/1211 505/612/1213
f 505/612/1213 474/639/1214 472/637/1212
f 474/639/1214 505/612/1213 506/611/1215
f 506/611/1216 476/641/1161 474/639/1214
f 476/641/1159 506/611/1216 507/610/1118
f 507/610/1118 478/643/1217 476/641/1159
f 478/643/1217 507/610/1118 508/609/1218
f 508/609/1218 480/645/1219 478/643/1217
f 480/645/1220 508/609/1218 509/608/1221
f 509/608/1221 482/647/1222 480/645/1164
f 482/647/1222 509/608/1121 510/626/1140
f 510/626/1140 484/649/1223 482/647/1222
f 484/649/1224 510/626/1225 511/625/1226
f 511/625/1226 486/651/1227 484/649/1224
f 486/651/1227 511/625/1138 512/624/1137
f 512/624/1137 488/653/1228 486/651/1227
f 488/653/1229 512/624/1230 513/623/1231
f 513/623/1231 490/655/1184 488/653/1229
f 490/655/1184 513/623/1232 514/622/1233
f 514/622/1233 492/657/1234 490/655/1184
f 492/657/1234 514/622/1233 515/621/1235
f 515/621/1235 494/659/1236 492/657/1234
f 494/659/1237 515/621/1235 516/620/1238
f 516/620/1239 496/661/1240 494/659/1237
f 496/661/1241 516/620/1239 517/619/1129
f 517/619/1129 498/663/1242 496/661/1240
f 498/663/1242 517/619/1131 518/618/1243
f 518/618/1244 464/630/1245 498/663/1242
f 464/630/1245 518/618/1244 500/617/1127
f 500/617/1127 462/627/1203 464/630/1245
f 273/705/1382 576/706/1383 424/707/1384
f 424/707/1385 425/708/1386 273/705/1382
f 274/709/1387 273/705/1382 425/708/1386
f 425/708/1388 426/710/1389 274/709/1387
f 275/711/1390 274/709/1387 426/710/1391
f 426/710/1389 427/712/1392 275/711/1390
f 276/713/1393 275/711/1390 427/712/1394
f 427/712/1392 428/714/1395 276/713/1393
f 277/715/1396 276/713/1393 428/714/1397
f 428/714/1395 429/716/1398 277/715/1396
f 278/717/1399 277/718/1396 429/719/1398
f 429/719/1398 430/720/1400 278/717/1399
f 279/721/1401 278/717/1399 430/720/1402
f 430/720/1402 431/722/1403 279/721/1404
f 280/723/1405 279/721/1404 431/722/1403
f 431/722/1403 432/724/1406 280/723/1407
f 281/725/1408 280/723/1405 432/724/1409
f 432/724/1406 433/726/1410 281/725/1411
f 282/727/1412 281/725/1408 433/726/1413
f 433/726/1410 434/728/1414 282/727/1415
f 283/729/1416 282/727/1415 434/728/1417
f 434/728/1417 435/730/1418 283/729/1416
f 284/731/1419 283/729/1416 435/730/1418
f 435/730/1420 436/732/1421 284/731/1419
f 285/733/1422 284/731/1419 436/732/1421
f 436/732/1421 437/734/1423 285/733/1422
f 286/735/1424 285/733/1422 437/734/1423
f 437/734/1423 438/736/1425 286/735/1424
f 287/737/1426 286/735/1424 438/736/1425
f 438/736/1427 439/738/1428 287/737/1429
f 288/739/1430 287/737/1429 439/738/1431
f 439/738/1431 440/740/1432 288/739/1433
f 289/741/1434 288/739/1433 440/740/1432
f 440/740/1432 441/742/1435 289/741/1434
f 594/743/1436 289/741/1434 441/742/1437
f 441/742/1438 442/744/1439 594/743/1440
f 576/706/1441 594/743/1440 442/744/1439
f 442/744/1442 424/707/1385 576/706/1443
f 273/745/1444 577/491/1445 272/490/1446
f 272/490/1446 576/746/1447 273/745/1444
f 274/747/1448 578/493/818 577/491/1445
f 577/491/1445 273/745/1444 274/747/1448
f 275/748/1449 579/495/1450 578/493/818
f 578/493/818 274/747/1448 275/748/1451
f 276/749/1393 580/497/833 579/495/1450
f 579/495/826 275/748/1452 276/749/1453
f 277/750/1454 581/499/839 580/497/833
f 580/497/842 276/749/1393 277/750/1454
f 278/751/1455 582/503/850 581/502/839
f 581/502/839 277/752/1454 278/751/1455
f 279/753/1401 583/505/872 582/503/850
f 582/503/850 278/751/1455 279/753/1404
f 280/754/1405 584/507/879 583/505/872
f 583/505/872 279/753/1456 280/754/1405
f 281/755/1457 585/509/880 584/507/879
f 584/507/879 280/754/1405 281/755/1458
f 282/756/1412 586/511/1459 585/509/1460
f 585/509/880 281/755/1461 282/756/1462
f 283/757/1416 587/513/905 586/511/890
f 586/511/1463 282/756/1462 283/757/1416
f 284/758/1464 588/515/1465 587/513/1466
f 587/513/905 283/757/1416 284/758/1464
f 285/759/1467 589/517/1468 588/515/1469
f 588/515/1465 284/758/1464 285/759/1422
f 286/760/1424 590/519/921 589/517/920
f 589/517/920 285/759/1470 286/760/1471
f 287/761/1472 591/521/1473 590/519/921
f 590/519/921 286/760/1471 287/761/1474
f 288/762/1430 592/523/939 591/521/929
f 591/521/938 287/761/1472 288/762/1430
f 289/763/1475 593/525/1476 592/523/939
f 592/523/939 288/762/1430 289/763/1475
f 594/764/1436 290/527/957 593/525/1476
f 593/525/1476 289/763/1477 594/764/1478
f 576/746/1447 272/490/965 290/527/957
f 290/527/1479 594/764/1480 576/746/1481
f 424/707/1385 595/668/1253 596/667/1264
f 596/667/1482 425/708/1483 424/707/1484
f 425/708/1485 596/667/1264 597/670/1262
f 597/670/1486 426/710/1487 425/708/1483
f 426/710/1391 597/670/1262 598/672/1269
f 598/672/1269 427/712/1488 426/710/1391
f 427/712/1392 598/672/1269 599/674/1489
f 599/674/1489 428/714/1397 427/712/1392
f 428/714/1395 599/674/1489 600/676/1490
f 600/676/1491 429/716/1398 428/714/1397
f 429/719/1398 600/680/1492 601/679/1493
f 601/679/1493 430/720/1494 429/719/1495
f 430/720/1400 601/679/1493 602/682/1300
f 602/682/1300 431/722/1496 430/720/1494
f 431/722/1497 602/682/1300 603/684/1498
f 603/684/1498 432/724/1499 431/722/1496
f 432/724/1406 603/684/1500 604/686/1324
f 604/686/1501 433/726/1502 432/724/1409
f 433/726/1502 604/686/1324 605/688/1323
f 605/688/1323 434/728/1414 433/726/1502
f 434/728/1414 605/688/1332 606/690/1503
f 606/690/1503 435/730/1418 434/728/1414
f 435/730/1420 606/690/1331 607/692/1504
f 607/692/1504 436/732/1505 435/730/1418
f 436/732/1506 607/692/1504 608/694/1507
f 608/694/1507 437/734/1508 436/732/1505
f 437/734/1509 608/694/1348 609/696/1352
f 609/696/1510 438/736/1425 437/734/1511
f 438/736/1512 609/696/1352 610/698/1358
f 610/698/1513 439/738/1514 438/736/1512
f 439/738/1515 610/698/1358 611/700/1364
f 611/700/1364 440/740/1516 439/738/1515
f 440/740/1517 611/700/1364 612/702/1371
f 612/702/1518 441/742/1519 440/740/1516
f 441/742/1435 612/702/1371 613/704/1520
f 613/704/1521 442/744/1522 441/742/1435
f 442/744/1523 613/704/1521 595/668/1253
f 595/668/1253 424/707/1484 442/744/1522
usemtl 03_-_Default
f 12/1/1 11/2/1 10/3/1
f 10/3/1 9/4/1 8/5/1
f 8/5/1 7/6/1 6/7/1
f 10/3/1 8/5/1 6/7/1
f 6/7/1 5/8/1 4/9/1
f 4/9/1 3/10/1 2/11/1
f 6/7/1 4/9/1 2/11/1
f 10/3/1 6/7/1 2/11/1
f 1/12/1 19/13/1 18/14/1
f 2/11/1 1/12/1 18/14/1
f 18/14/1 17/15/1 16/16/1
f 16/16/1 15/17/1 14/18/1
f 18/14/1 16/16/1 14/18/1
f 2/11/1 18/14/1 14/18/1
f 10/3/1 2/11/1 14/18/1
f 12/1/1 10/3/1 14/18/1
f 12/1/1 14/18/1 13/19/1
f 21/20/2 20/21/3 1/22/3
f 1/22/3 2/23/2 21/20/2
f 22/24/4 21/20/5 2/23/5
f 2/23/5 3/25/4 22/24/4
f 23/26/6 22/24/7 3/25/7
f 3/25/7 4/27/6 23/26/6
f 24/28/8 23/26/9 4/27/9
f 4/27/9 5/29/8 24/28/8
f 25/30/10 24/28/11 5/29/11
f 5/29/11 6/31/10 25/30/10
f 26/32/12 25/30/13 6/31/13
f 6/31/13 7/33/12 26/32/12
f 27/34/14 26/32/15 7/33/15
f 7/33/15 8/35/14 27/34/14
f 28/36/16 27/34/17 8/35/17
f 8/35/17 9/37/16 28/36/16
f 29/38/18 28/36/19 9/37/19
f 9/37/19 10/39/18 29/38/18
f 30/40/20 29/38/21 10/39/21
f 10/39/22 11/41/20 30/40/20
f 31/42/23 30/40/24 11/41/24
f 11/41/24 12/43/23 31/42/23
f 32/44/25 31/42/26 12/43/26
f 12/43/26 13/45/25 32/44/25
f 33/46/27 32/44/28 13/45/28
f 13/45/28 14/47/27 33/46/27
f 34/48/29 33/46/30 14/47/30
f 14/47/30 15/49/29 34/48/29
f 35/50/31 34/48/32 15/49/32
f 15/49/32 16/51/31 35/50/31
f 36/52/33 35/50/34 16/51/34
f 16/51/35 17/53/33 36/52/33
f 37/54/36 36/52/37 17/53/37
f 17/53/37 18/55/36 37/54/36
f 38/56/38 37/54/39 18/55/39
f 18/55/39 19/57/38 38/56/38
f 20/21/40 38/56/41 19/57/41
f 19/57/41 1/22/40 20/21/40
f 40/77/67 39/78/68 20/21/68
f 20/21/68 21/20/67 40/77/67
f 41/79/69 40/77/70 21/20/70
f 21/20/70 22/24/71 41/79/71
f 42/80/72 41/79/73 22/24/73
f 22/24/74 23/26/72 42/80/72
f 43/81/75 42/80/76 23/26/76
f 23/26/76 24/28/75 43/81/75
f 44/82/77 43/81/75 24/28/75
f 24/28/75 25/30/77 44/82/77
f 45/83/78 44/82/79 25/30/79
f 25/30/79 26/32/78 45/83/78
f 46/84/80 45/83/81 26/32/81
f 26/32/82 27/34/80 46/84/80
f 47/85/83 46/84/84 27/34/80
f 27/34/85 28/36/83 47/85/83
f 48/86/86 47/85/87 28/36/87
f 28/36/88 29/38/86 48/86/86
f 49/87/89 48/86/90 29/38/90
f 29/38/91 30/40/89 49/87/89
f 50/88/92 49/87/93 30/40/93
f 30/40/94 31/42/92 50/88/92
f 51/89/95 50/88/96 31/42/96
f 31/42/97 32/44/95 51/89/95
f 52/90/98 51/89/99 32/44/99
f 32/44/100 33/46/98 52/90/98
f 53/91/101 52/90/98 33/46/98
f 33/46/98 34/48/101 53/91/101
f 54/92/102 53/91/103 34/48/103
f 34/48/104 35/50/102 54/92/102
f 55/93/105 54/92/106 35/50/106
f 35/50/106 36/52/105 55/93/105
f 56/94/107 55/93/108 36/52/108
f 36/52/109 37/54/107 56/94/107
f 57/95/110 56/94/111 37/54/111
f 37/54/112 38/56/110 57/95/110
f 39/78/113 57/95/110 38/56/110
f 38/56/110 20/21/113 39/78/113
f 117/134/173 112/135/173 113/136/173
f 113/136/173 116/137/173 117/134/173
f 101/138/174 100/139/174 96/140/174
f 96/140/174 97/141/174 101/138/174
f 103/142/175 101/138/175 97/143/175
f 97/143/175 99/144/175 103/142/175
f 102/145/176 103/142/176 99/146/176
f 99/146/176 98/147/176 102/145/176
f 100/139/177 102/145/177 98/148/177
f 98/148/177 96/149/177 100/139/177
f 105/150/178 104/151/178 100/139/178
f 100/139/178 101/138/178 105/150/178
f 106/152/178 105/150/178 101/138/178
f 101/138/178 103/142/178 106/152/178
f 107/153/178 106/152/178 103/142/178
f 103/142/178 102/145/178 107/153/178
f 104/151/178 107/153/178 102/145/178
f 102/145/178 100/139/178 104/151/178
f 109/154/179 108/155/179 104/151/179
f 104/151/179 105/150/179 109/154/179
f 110/156/180 109/154/180 105/150/180
f 105/150/180 106/152/180 110/156/180
f 111/157/181 110/156/181 106/152/181
f 106/152/181 107/153/181 111/157/181
f 108/155/182 111/157/182 107/153/182
f 107/153/182 104/151/182 108/155/182
f 113/136/174 112/135/174 108/158/174
f 108/158/174 109/159/174 113/136/174
f 116/160/175 113/161/175 109/162/175
f 116/160/175 109/162/175 110/163/175
f 116/160/175 110/163/175 118/164/175
f 116/160/175 118/164/175 114/165/175
f 118/166/183 110/167/184 111/168/184
f 111/168/184 119/169/183 118/166/183
f 117/170/177 115/171/177 119/172/177
f 117/170/177 119/172/177 111/173/177
f 111/173/177 108/174/177 112/175/177
f 117/170/177 111/173/177 112/175/177
f 117/134/185 116/137/185 114/176/185
f 114/176/185 115/177/185 117/134/185
f 118/166/186 119/169/186 115/177/187
f 115/177/187 114/176/187 118/166/186
f 192/178/188 193/179/176 200/180/176
f 200/180/189 201/181/188 192/178/188
f 199/182/175 192/178/188 201/181/188
f 201/181/188 202/183/175 199/182/175
f 198/184/190 199/182/175 202/183/175
f 202/183/175 203/185/191 198/184/191
f 197/186/192 198/184/191 203/185/191
f 203/185/191 204/187/174 197/186/174
f 196/188/193 197/189/174 204/190/174
f 204/190/174 205/191/193 196/188/193
f 195/192/177 196/188/193 205/191/193
f 205/191/193 206/193/177 195/192/177
f 194/194/194 195/192/177 206/193/177
f 206/193/177 207/195/194 194/194/194
f 193/179/176 194/194/194 207/195/194
f 207/195/195 200/180/176 193/179/176
f 120/196/196 128/197/197 129/198/198
f 129/198/198 121/199/199 120/196/200
f 121/199/201 129/198/202 130/200/203
f 130/200/203 122/201/204 121/199/205
f 122/201/204 130/200/206 131/202/207
f 131/202/208 123/203/209 122/201/204
f 123/203/209 131/202/210 132/204/211
f 132/204/211 124/205/212 123/203/209
f 124/206/212 132/207/211 133/208/213
f 133/208/213 125/209/214 124/206/212
f 125/209/215 133/208/216 134/210/217
f 134/210/217 126/211/218 125/209/214
f 126/211/218 134/210/219 135/212/220
f 135/212/221 127/213/222 126/211/218
f 127/213/223 135/212/224 128/197/197
f 128/197/197 120/196/196 127/213/223
f 128/197/197 136/214/225 137/215/226
f 137/215/226 129/198/198 128/197/197
f 129/198/202 137/215/226 138/216/227
f 138/216/227 130/200/203 129/198/202
f 130/200/206 138/216/228 139/217/229
f 139/217/229 131/202/207 130/200/230
f 131/202/210 139/217/231 140/218/232
f 140/218/233 132/204/211 131/202/210
f 132/207/211 140/219/232 141/220/234
f 141/220/234 133/208/213 132/207/211
f 133/208/216 141/220/235 142/221/236
f 142/221/236 134/210/217 133/208/216
f 134/210/219 142/221/237 143/222/238
f 143/222/238 135/212/220 134/210/219
f 135/212/224 143/222/239 136/214/225
f 136/214/225 128/197/197 135/212/240
f 136/214/225 144/223/241 145/224/242
f 145/224/242 137/215/226 136/214/225
f 137/215/243 145/224/244 146/225/245
f 146/225/245 138/216/227 137/215/226
f 138/216/228 146/225/245 147/226/246
f 147/226/246 139/217/247 138/216/228
f 139/217/231 147/226/248 148/227/249
f 148/227/249 140/218/250 139/217/231
f 140/219/233 148/228/249 149/229/251
f 149/229/251 141/220/252 140/219/233
f 141/220/235 149/229/251 150/230/253
f 150/230/253 142/221/236 141/220/235
f 142/221/236 150/230/253 151/231/254
f 151/231/255 143/222/238 142/221/236
f 143/222/256 151/231/257 144/223/241
f 144/223/241 136/214/225 143/222/258
f 144/223/241 152/232/259 153/233/260
f 153/233/260 145/224/242 144/223/241
f 145/224/261 153/233/262 154/234/263
f 154/234/263 146/225/245 145/224/244
f 146/225/245 154/234/264 155/235/265
f 155/235/266 147/226/246 146/225/245
f 147/226/248 155/235/267 156/236/268
f 156/236/268 148/227/249 147/226/246
f 148/228/269 156/237/270 157/238/271
f 157/238/271 149/229/251 148/228/249
f 149/229/251 157/238/271 158/239/272
f 158/239/272 150/230/253 149/229/251
f 150/230/253 158/239/272 159/240/273
f 159/240/273 151/231/255 150/230/253
f 151/231/257 159/240/274 152/232/259
f 152/232/259 144/223/241 151/231/255
f 152/232/259 160/241/275 161/242/276
f 161/242/276 153/233/277 152/232/259
f 153/233/262 161/242/276 162/243/278
f 162/243/279 154/234/263 153/233/260
f 154/234/263 162/243/280 163/244/281
f 163/244/281 155/235/265 154/234/264
f 155/235/267 163/244/282 164/245/283
f 164/245/284 156/236/268 155/235/285
f 156/237/268 164/246/284 165/247/286
f 165/247/286 157/238/287 156/237/270
f 157/238/271 165/247/286 166/248/288
f 166/248/288 158/239/272 157/238/271
f 158/239/272 166/248/289 167/249/290
f 167/249/291 159/240/273 158/239/272
f 159/240/274 167/249/292 160/241/293
f 160/241/293 152/232/294 159/240/274
f 161/242/276 160/241/275 184/250/295
f 184/250/296 185/251/297 161/242/276
f 186/252/298 162/243/278 161/242/299
f 161/242/299 185/251/300 186/252/298
f 187/253/301 163/244/281 162/243/302
f 162/243/302 186/252/298 187/253/301
f 188/254/303 164/245/283 163/244/282
f 163/244/282 187/253/304 188/254/303
f 165/247/286 164/246/284 188/255/303
f 188/255/303 189/256/305 165/247/306
f 166/248/288 165/247/286 189/256/307
f 189/256/307 190/257/308 166/248/288
f 167/249/291 166/248/309 190/257/310
f 190/257/310 191/258/311 167/249/312
f 160/241/275 167/249/313 191/258/314
f 191/258/315 184/250/316 160/241/275
f 177/259/188 176/260/176 120/196/200
f 120/196/200 121/199/317 177/259/188
f 178/261/175 177/259/188 121/199/205
f 121/199/201 122/201/204 178/261/175
f 179/262/191 178/261/175 122/201/204
f 122/201/204 123/203/318 179/262/191
f 180/263/192 179/262/191 123/203/318
f 123/203/318 124/205/212 180/263/174
f 181/264/193 180/265/174 124/206/212
f 124/206/212 125/209/214 181/264/193
f 182/266/177 181/264/193 125/209/214
f 125/209/215 126/211/218 182/266/177
f 183/267/194 182/266/177 126/211/218
f 126/211/218 127/213/222 183/267/194
f 176/260/176 183/267/194 127/213/223
f 127/213/319 120/196/200 176/260/176
f 209/268/320 216/269/321 217/270/322
f 217/270/323 208/271/324 209/268/320
f 210/272/325 223/273/326 216/269/327
f 216/269/327 209/268/320 210/272/325
f 211/274/328 222/275/329 223/273/330
f 223/273/326 210/272/331 211/274/328
f 212/276/332 221/277/333 222/275/334
f 222/275/334 211/274/328 212/276/332
f 220/278/335 221/279/336 212/280/337
f 212/280/338 213/281/339 220/278/335
f 219/282/340 220/278/335 213/281/341
f 213/281/339 214/283/342 219/282/343
f 218/284/344 219/282/343 214/283/342
f 214/283/345 215/285/346 218/284/347
f 217/270/348 218/284/347 215/285/346
f 215/285/346 208/271/349 217/270/348
f 201/181/350 200/180/351 176/260/351
f 176/260/352 177/259/353 201/181/353
f 202/183/354 201/181/353 177/259/355
f 177/259/350 178/261/354 202/183/356
f 203/185/357 202/183/354 178/261/356
f 178/261/354 179/262/358 203/185/358
f 204/187/359 203/185/358 179/262/360
f 179/262/357 180/263/361 204/187/361
f 205/191/362 204/190/361 180/265/361
f 180/265/359 181/264/363 205/191/363
f 206/193/364 205/191/363 181/264/363
f 181/264/362 182/266/365 206/193/365
f 207/195/366 206/193/365 182/266/365
f 182/266/364 183/267/367 207/195/367
f 200/180/352 207/195/367 183/267/367
f 183/267/366 176/260/351 200/180/351
f 209/268/368 208/271/369 168/286/370
f 168/286/370 169/287/371 209/268/368
f 210/272/372 209/268/368 169/287/373
f 169/287/374 170/288/375 210/272/372
f 211/274/376 210/272/377 170/288/378
f 170/288/378 171/289/379 211/274/376
f 212/276/380 211/274/381 171/289/382
f 171/289/382 172/290/383 212/276/380
f 213/281/384 212/280/380 172/291/385
f 172/291/386 173/292/387 213/281/384
f 214/283/388 213/281/389 173/292/390
f 173/292/390 174/293/391 214/283/388
f 215/285/392 214/283/388 174/293/393
f 174/293/393 175/294/394 215/285/395
f 208/271/396 215/285/397 175/294/398
f 175/294/398 168/286/399 208/271/400
f 217/270/401 216/269/402 185/251/403
f 185/251/403 184/250/404 217/270/405
f 218/284/406 217/270/407 184/250/408
f 184/250/408 191/258/409 218/284/406
f 219/282/410 218/284/411 191/258/412
f 191/258/409 190/257/413 219/282/410
f 220/278/414 219/282/410 190/257/415
f 190/257/416 189/256/417 220/278/414
f 221/279/418 220/278/419 189/256/420
f 189/256/420 188/255/421 221/279/422
f 222/275/423 221/277/424 188/254/425
f 188/254/425 187/253/426 222/275/427
f 223/273/428 222/275/429 187/253/430
f 187/253/430 186/252/431 223/273/428
f 216/269/432 223/273/433 186/252/434
f 186/252/431 185/251/435 216/269/436
f 233/295/437 232/296/438 224/297/438
f 224/297/438 225/298/437 233/295/437
f 234/299/439 233/295/437 225/298/437
f 225/298/437 226/300/439 234/299/439
f 235/301/440 234/299/439 226/300/439
f 226/300/439 227/302/440 235/301/440
f 236/303/441 235/301/440 227/302/440
f 227/302/440 228/304/441 236/303/441
f 237/305/442 236/303/441 228/304/441
f 228/304/441 229/306/442 237/305/442
f 238/307/443 237/305/442 229/306/442
f 229/306/442 230/308/443 238/307/443
f 239/309/444 238/307/443 230/308/443
f 230/308/443 231/310/444 239/309/444
f 232/296/438 239/309/444 231/310/444
f 231/310/444 224/297/438 232/296/438
f 236/303/176 237/305/176 238/307/176
f 238/307/176 239/309/176 232/296/176
f 232/296/176 233/295/176 234/299/176
f 238/307/176 232/296/176 234/299/176
f 236/303/176 238/307/176 234/299/176
f 236/303/176 234/299/176 235/301/176
f 243/311/445 241/312/446 256/313/447
f 256/313/447 258/314/448 243/311/449
f 267/315/450 250/316/451 244/317/452
f 244/317/452 261/318/453 267/315/454
f 249/319/455 263/320/456 271/321/457
f 249/319/455 271/321/457 251/322/458
f 251/322/459 245/323/460 257/324/461
f 249/319/455 251/322/459 257/324/462
f 257/324/463 259/325/464 269/326/465
f 249/319/455 257/324/462 269/326/466
f 246/327/467 247/328/468 265/329/469
f 265/329/469 248/330/470 246/327/471
f 260/331/472 266/332/473 254/333/474
f 260/331/475 254/333/476 262/334/477
f 262/334/477 264/335/478 252/336/479
f 262/334/477 252/336/479 242/337/480
f 260/331/475 262/334/481 242/337/480
f 260/331/482 242/337/480 240/338/483
f 258/314/448 268/339/484 253/340/485
f 253/340/486 243/311/445 258/314/448
f 267/315/450 255/341/487 270/342/488
f 270/342/489 250/316/451 267/315/450
f 268/339/490 248/330/491 265/329/492
f 265/329/469 253/340/485 268/339/484
f 255/341/493 247/328/494 246/327/495
f 246/327/471 270/342/488 255/341/487
f 242/337/480 258/343/496 256/344/497
f 256/344/497 240/338/498 242/337/480
f 257/324/461 241/345/499 243/346/500
f 243/346/500 259/325/464 257/324/461
f 251/322/459 267/347/501 261/348/502
f 261/348/502 245/323/460 251/322/459
f 260/331/472 244/349/503 250/350/504
f 250/350/504 266/332/473 260/331/482
f 247/328/505 263/320/506 249/319/507
f 249/319/508 265/329/509 247/328/505
f 262/334/477 246/327/510 248/330/511
f 248/330/511 264/335/512 262/334/513
f 252/336/514 268/339/490 258/343/448
f 258/343/448 242/337/480 252/336/514
f 269/326/515 253/340/485 265/329/509
f 265/329/509 249/319/455 269/326/516
f 254/333/517 270/342/489 246/327/518
f 246/327/518 262/334/481 254/333/517
f 271/321/519 255/341/493 267/347/501
f 267/347/520 251/322/458 271/321/519
f 264/335/478 248/330/511 268/339/490
f 268/339/490 252/336/521 264/335/478
f 259/325/522 243/346/500 253/340/486
f 253/340/523 269/326/515 259/325/522
f 266/332/473 250/350/524 270/342/489
f 270/342/489 254/333/517 266/332/473
f 263/320/525 247/328/505 255/341/487
f 255/341/493 271/321/519 263/320/525
usemtl 04_-_Default
f 524/528/966 523/529/967 520/530/968
f 520/530/968 519/531/969 524/528/966
f 519/531/969 520/530/968 526/532/970
f 526/532/970 525/533/971 519/531/969
f 525/533/972 526/532/973 529/534/974
f 529/534/974 528/535/975 525/533/972
f 528/535/975 529/534/976 532/536/977
f 532/536/977 531/537/978 528/535/975
f 531/537/979 532/536/980 535/538/981
f 535/538/981 534/539/982 531/537/979
f 534/540/982 535/541/981 538/542/983
f 538/542/983 537/543/984 534/540/982
f 537/543/984 538/542/983 541/544/985
f 541/544/985 540/545/986 537/543/987
f 540/545/986 541/544/985 544/546/988
f 544/546/988 543/547/989 540/545/986
f 543/547/989 544/546/990 547/548/991
f 547/548/991 546/549/992 543/547/989
f 546/549/992 547/548/993 550/550/994
f 550/550/994 549/551/995 546/549/992
f 549/551/995 550/550/994 553/552/996
f 553/552/996 552/553/997 549/551/995
f 552/553/997 553/552/998 556/554/999
f 556/554/999 555/555/1000 552/553/997
f 555/555/1001 556/554/999 559/556/1002
f 559/556/1002 558/557/1003 555/555/1001
f 558/557/1003 559/556/1004 562/558/1005
f 562/558/1005 561/559/1006 558/557/1003
f 561/559/1006 562/558/1007 565/560/1008
f 565/560/1008 564/561/1009 561/559/1006
f 564/561/1009 565/560/1010 568/562/1011
f 568/562/1011 567/563/1012 564/561/1009
f 567/563/1012 568/562/1013 571/564/1014
f 571/564/1014 570/565/1015 567/563/1012
f 570/565/1016 571/564/1014 574/566/1017
f 574/566/1017 573/567/1018 570/565/1019
f 573/567/1020 574/566/1021 523/529/1022
f 523/529/1022 524/528/966 573/567/1020
f 522/665/1246 443/571/1247 444/570/1248
f 444/570/1248 521/666/1249 522/665/1246
f 523/529/1250 522/665/1246 521/666/1249
f 521/666/1249 520/530/968 523/529/1250
f 519/531/1251 596/667/1252 595/668/1253
f 595/668/1253 524/528/966 519/531/1251
f 521/666/1254 444/570/1248 445/573/1255
f 445/573/1256 527/669/1257 521/666/1254
f 520/530/1258 521/666/1259 527/669/1260
f 527/669/1260 526/532/970 520/530/1258
f 525/533/1261 597/670/1262 596/667/1263
f 596/667/1264 519/531/969 525/533/1261
f 527/669/1257 445/573/1255 446/575/1265
f 446/575/1265 530/671/1266 527/669/1257
f 526/532/973 527/669/1267 530/671/1268
f 530/671/1268 529/534/976 526/532/970
f 528/535/975 598/672/1269 597/670/1262
f 597/670/1262 525/533/972 528/535/975
f 530/671/1270 446/575/1265 447/577/1271
f 447/577/1271 533/673/1272 530/671/1270
f 529/534/976 530/671/1273 533/673/1274
f 533/673/1274 532/536/977 529/534/976
f 531/537/978 599/674/1275 598/672/1269
f 598/672/1269 528/535/975 531/537/978
f 533/673/1276 447/577/1277 448/579/1278
f 448/579/1279 536/675/1280 533/673/1276
f 532/536/977 533/673/1281 536/675/1280
f 536/675/1280 535/538/1282 532/536/1283
f 534/539/1284 600/676/1285 599/674/1275
f 599/674/1275 531/537/979 534/539/1284
f 536/677/1286 448/583/1279 449/582/1287
f 449/582/1288 539/678/1289 536/677/1286
f 535/541/1290 536/677/1286 539/678/1289
f 539/678/1289 538/542/983 535/541/1282
f 537/543/1291 601/679/1292 600/680/1285
f 600/680/1285 534/540/1284 537/543/1291
f 539/678/1293 449/582/1294 450/585/1295
f 450/585/1295 542/681/1296 539/678/1289
f 538/542/983 539/678/1293 542/681/1297
f 542/681/1297 541/544/1298 538/542/1299
f 540/545/986 602/682/1300 601/679/1301
f 601/679/1301 537/543/987 540/545/986
f 542/681/1302 450/585/1303 451/587/1304
f 451/587/1304 545/683/1305 542/681/1302
f 541/544/985 542/681/1302 545/683/1306
f 545/683/1306 544/546/988 541/544/985
f 543/547/989 603/684/1307 602/682/1300
f 602/682/1300 540/545/986 543/547/989
f 545/683/1308 451/587/1304 452/589/1309
f 452/589/1309 548/685/1310 545/683/1305
f 544/546/990 545/683/1311 548/685/1312
f 548/685/1313 547/548/991 544/546/990
f 546/549/1314 604/686/1315 603/684/1316
f 603/684/1316 543/547/1317 546/549/1314
f 548/685/1318 452/589/1309 453/591/1319
f 453/591/1319 551/687/1320 548/685/1318
f 547/548/1321 548/685/1318 551/687/1322
f 551/687/1322 550/550/994 547/548/1321
f 549/551/995 605/688/1323 604/686/1324
f 604/686/1324 546/549/1325 549/551/995
f 551/687/1326 453/591/1319 454/593/1327
f 454/593/1327 554/689/1328 551/687/1326
f 550/550/994 551/687/1329 554/689/1328
f 554/689/1328 553/552/996 550/550/994
f 552/553/1330 606/690/1331 605/688/1332
f 605/688/1332 549/551/995 552/553/1330
f 554/689/1333 454/593/1334 455/595/1335
f 455/595/1335 557/691/1336 554/689/1333
f 553/552/1337 554/689/1338 557/691/1339
f 557/691/1339 556/554/999 553/552/1337
f 555/555/1340 607/692/1341 606/690/1342
f 606/690/1331 552/553/997 555/555/1340
f 557/691/1339 455/595/1343 456/597/1344
f 456/597/1344 560/693/1345 557/691/1339
f 556/554/1346 557/691/1339 560/693/1347
f 560/693/1347 559/556/1002 556/554/1346
f 558/557/1003 608/694/1348 607/692/1341
f 607/692/1341 555/555/1001 558/557/1003
f 560/693/1345 456/597/1344 457/599/1349
f 457/599/1349 563/695/1350 560/693/1345
f 559/556/1004 560/693/1345 563/695/1351
f 563/695/1351 562/558/1005 559/556/1004
f 561/559/1006 609/696/1352 608/694/1348
f 608/694/1348 558/557/1003 561/559/1006
f 563/695/1351 457/599/1353 458/601/1354
f 458/601/1354 566/697/1355 563/695/1350
f 562/558/1007 563/695/1351 566/697/1356
f 566/697/1356 565/560/1357 562/558/1007
f 564/561/1009 610/698/1358 609/696/1352
f 609/696/1352 561/559/1006 564/561/1009
f 566/697/1355 458/601/1359 459/603/1360
f 459/603/1360 569/699/1361 566/697/1355
f 565/560/1362 566/697/1355 569/699/1363
f 569/699/1363 568/562/1011 565/560/1362
f 567/563/1012 611/700/1364 610/698/1365
f 610/698/1365 564/561/1009 567/563/1012
f 569/699/1366 459/603/1367 460/605/1368
f 460/605/1368 572/701/1369 569/699/1366
f 568/562/1013 569/699/1366 572/701/1370
f 572/701/1370 571/564/1014 568/562/1013
f 570/565/1015 612/702/1371 611/700/1364
f 611/700/1364 567/563/1012 570/565/1015
f 572/701/1369 460/605/1372 461/607/1373
f 461/607/1373 575/703/1374 572/701/1369
f 571/564/1014 572/701/1369 575/703/1374
f 575/703/1375 574/566/1021 571/564/1014
f 573/567/1018 613/704/1376 612/702/1371
f 612/702/1371 570/565/1019 573/567/1018
f 575/703/1375 461/607/1377 443/571/1247
f 443/571/1247 522/665/1378 575/703/1375
f 574/566/1021 575/703/1379 522/665/1378
f 522/665/1380 523/529/1022 574/566/1021
f 524/528/966 595/668/1253 613/704/1376
f 613/704/1376 573/567/1381 524/528/966
usemtl 05_-_Default
f 650/765/1524 651/766/1525 632/767/1526
f 650/765/1527 632/767/1526 633/768/1528
f 650/765/1524 633/768/1528 634/769/1529
f 649/770/1530 632/767/1531 651/766/1532
f 649/770/1533 651/766/1532 652/771/1534
f 649/770/1533 652/771/1534 648/772/1535
f 647/773/1536 648/772/1537 652/771/1538
f 647/773/1539 652/771/1538 653/774/1540
f 647/773/1541 653/774/1540 646/775/1542
f 645/776/1543 646/775/1542 653/774/1540
f 645/776/1544 653/774/1540 654/777/1545
f 645/776/1544 654/777/1545 644/778/1546
f 643/779/1547 644/778/1548 654/777/1549
f 643/779/1547 654/777/1549 655/780/1550
f 643/779/1547 655/780/1550 642/781/1551
f 641/782/1552 642/783/1551 655/784/1550
f 641/782/1552 655/784/1550 656/785/1553
f 641/782/1552 656/785/1553 640/786/1554
f 639/787/1555 640/786/1556 656/785/1557
f 639/787/1555 656/785/1557 657/788/1558
f 639/787/1559 657/788/1558 638/789/1560
f 637/790/1561 638/789/1560 657/788/1558
f 637/790/1562 657/788/1563 658/791/1564
f 637/790/1565 658/791/1564 636/792/1566
f 635/793/1567 636/792/1568 658/791/1569
f 635/793/1567 658/791/1569 650/765/1570
f 635/793/1571 650/765/1527 634/769/1572
f 633/794/1573 632/795/1574 614/796/1575
f 614/796/1575 615/797/1576 633/794/1573
f 634/798/1577 633/794/1578 615/797/1576
f 615/797/1576 616/799/1579 634/798/1580
f 635/800/1581 634/798/1580 616/799/1579
f 616/799/1579 631/801/1582 635/800/1581
f 636/802/1583 635/800/1584 631/801/1585
f 631/801/1586 629/803/1587 636/802/1583
f 637/804/1588 636/802/1583 629/803/1589
f 629/803/1587 630/805/1590 637/804/1588
f 638/806/1591 637/804/1588 630/805/1592
f 630/805/1592 627/807/1593 638/806/1591
f 639/808/1594 638/806/1591 627/807/1595
f 627/807/1596 628/809/1597 639/808/1594
f 640/810/1598 639/808/1599 628/809/1600
f 628/809/1600 625/811/1601 640/810/1598
f 641/812/1602 640/810/1603 625/811/1604
f 625/811/1605 626/813/1606 641/812/1602
f 642/814/1607 641/812/1608 626/813/1606
f 626/813/1606 623/815/1609 642/814/1607
f 643/816/1610 642/814/1607 623/815/1611
f 623/815/1612 624/817/1613 643/816/1610
f 644/818/1614 643/816/1615 624/817/1613
f 624/817/1613 621/819/1616 644/818/1614
f 645/820/1617 644/818/1618 621/819/1619
f 621/819/1619 622/821/1620 645/820/1621
f 646/822/1622 645/820/1621 622/821/1623
f 622/821/1623 619/823/1624 646/822/1622
f 647/824/1625 646/822/1626 619/823/1627
f 619/823/1628 620/825/1629 647/824/1625
f 648/826/1630 647/824/1631 620/825/1632
f 620/825/1632 617/827/1633 648/826/1630
f 649/828/1634 648/826/1635 617/827/1633
f 617/827/1633 618/829/1636 649/828/1634
f 632/795/1637 649/828/1638 618/829/1639
f 618/829/1639 614/796/1575 632/795/1640
f 624/817/1641 623/815/1641 626/813/1641
f 626/813/1641 625/811/1641 628/809/1641
f 624/817/1641 626/813/1641 628/809/1641
f 628/809/1641 627/807/1641 630/805/1641
f 630/805/1641 629/803/1641 631/801/1641
f 628/809/1641 630/805/1641 631/801/1641
f 624/817/1641 628/809/1641 631/801/1641
f 631/801/1641 616/799/1641 615/797/1641
f 615/797/1641 614/796/1641 618/829/1641
f 618/829/1641 617/827/1641 620/825/1641
f 615/797/1641 618/829/1641 620/825/1641
f 631/801/1641 615/797/1641 620/825/1641
f 624/817/1641 631/801/1641 620/825/1641
f 620/825/1641 619/823/1641 622/821/1641
f 624/817/1641 620/825/1641 622/821/1641
f 624/817/1641 622/821/1641 621/819/1641
o foco_00
v -0.096400 3.762790 1.041854
v -0.096400 3.919981 1.114995
v -0.154796 3.911541 1.109096
v -0.206149 3.887241 1.092110
v -0.244265 3.850010 1.066087
v -0.264546 3.804339 1.034164
v -0.264546 3.755738 1.000192
v -0.244265 3.710067 0.968269
v -0.206150 3.672836 0.942246
v -0.154797 3.648535 0.925260
v -0.096400 3.640096 0.919361
v -0.038004 3.648535 0.925260
v 0.013350 3.672836 0.942246
v 0.051465 3.710067 0.968269
v 0.071746 3.755737 1.000192
v 0.071746 3.804339 1.034164
v 0.051465 3.850009 1.066086
v 0.013350 3.887240 1.092110
v -0.038003 3.911541 1.109096
v -0.096400 4.092708 1.129963
v -0.206149 4.076846 1.118877
v -0.302662 4.031176 1.086954
v -0.374295 3.961205 1.038045
v -0.412411 3.875372 0.978050
v -0.412411 3.784031 0.914204
v -0.374296 3.698198 0.854209
v -0.302662 3.628227 0.805301
v -0.206150 3.582556 0.773378
v -0.096400 3.566695 0.762291
v 0.013349 3.582556 0.773378
v 0.109862 3.628227 0.805301
v 0.181496 3.698198 0.854209
v 0.219611 3.784030 0.914204
v 0.219611 3.875372 0.978050
v 0.181496 3.961204 1.038045
v 0.109862 4.031176 1.086954
v 0.013350 4.076846 1.118876
v -0.096400 4.260137 1.084953
v -0.244265 4.238767 1.070016
v -0.374295 4.177235 1.027006
v -0.470808 4.082963 0.961112
v -0.522161 3.967321 0.880281
v -0.522161 3.844258 0.794262
v -0.470808 3.728616 0.713430
v -0.374296 3.634344 0.647536
v -0.244265 3.572812 0.604527
v -0.096400 3.551442 0.589590
v 0.051465 3.572812 0.604527
v 0.181495 3.634344 0.647536
v 0.278008 3.728616 0.713430
v 0.329361 3.844257 0.794261
v 0.329361 3.967321 0.880280
v 0.278008 4.082963 0.961112
v 0.181496 4.177235 1.027006
v 0.051466 4.238767 1.070016
v -0.096400 4.402074 0.985392
v -0.264546 4.377774 0.968407
v -0.412411 4.307802 0.919498
v -0.522161 4.200600 0.844566
v -0.580557 4.069097 0.752648
v -0.580557 3.929154 0.654831
v -0.522161 3.797651 0.562913
v -0.412411 3.690449 0.487981
v -0.264546 3.620477 0.439072
v -0.096400 3.596177 0.422086
v 0.071746 3.620477 0.439072
v 0.219611 3.690449 0.487980
v 0.329361 3.797651 0.562913
v 0.387757 3.929154 0.654831
v 0.387757 4.069097 0.752648
v 0.329361 4.200600 0.844566
v 0.219612 4.307802 0.919498
v 0.071747 4.377773 0.968407
v -0.096400 4.501400 0.843291
v -0.264546 4.477099 0.826305
v -0.412411 4.407128 0.777397
v -0.522161 4.299926 0.702464
v -0.580557 4.168423 0.610546
v -0.580557 4.028481 0.512729
v -0.522161 3.896977 0.420811
v -0.412411 3.789775 0.345879
v -0.264546 3.719804 0.296971
v -0.096400 3.695503 0.279985
v 0.071746 3.719803 0.296970
v 0.219611 3.789775 0.345879
v 0.329361 3.896977 0.420811
v 0.387757 4.028480 0.512729
v 0.387757 4.168423 0.610546
v 0.329361 4.299926 0.702464
v 0.219612 4.407128 0.777396
v 0.071747 4.477099 0.826305
v -0.096400 4.546135 0.675788
v -0.244265 4.524765 0.660851
v -0.374295 4.463233 0.617841
v -0.470808 4.368961 0.551947
v -0.522161 4.253319 0.471116
v -0.522161 4.130256 0.385097
v -0.470808 4.014614 0.304265
v -0.374296 3.920342 0.238371
v -0.244265 3.858810 0.195362
v -0.096400 3.837440 0.180425
v 0.051465 3.858810 0.195362
v 0.181495 3.920341 0.238371
v 0.278008 4.014614 0.304265
v 0.329361 4.130256 0.385096
v 0.329361 4.253319 0.471115
v 0.278008 4.368961 0.551947
v 0.181496 4.463233 0.617841
v 0.051466 4.524765 0.660851
v -0.096400 4.561417 0.524429
v -0.218891 4.543714 0.512056
v -0.326609 4.492741 0.476427
v -0.406559 4.414646 0.421840
v -0.449100 4.318849 0.354879
v -0.449100 4.216903 0.283621
v -0.406559 4.121105 0.216660
v -0.326609 4.043010 0.162074
v -0.218892 3.992037 0.126445
v -0.096400 3.974334 0.114071
v 0.026091 3.992037 0.126444
v 0.133809 4.043010 0.162074
v 0.213759 4.121105 0.216660
v 0.256300 4.216903 0.283621
v 0.256300 4.318848 0.354879
v 0.213759 4.414646 0.421840
v 0.133809 4.492741 0.476426
v 0.026092 4.543714 0.512056
v -0.096400 4.593887 0.387397
v -0.201143 4.578750 0.376816
v -0.293253 4.535162 0.346350
v -0.361619 4.468383 0.299672
v -0.397996 4.386466 0.242414
v -0.397996 4.299291 0.181480
v -0.361619 4.217374 0.124222
v -0.293253 4.150594 0.077544
v -0.201143 4.107007 0.047078
v -0.096400 4.091869 0.036497
v 0.008343 4.107007 0.047077
v 0.100453 4.150594 0.077544
v 0.168819 4.217374 0.124222
v 0.205196 4.299291 0.181480
v 0.205196 4.386466 0.242413
v 0.168820 4.468383 0.299672
v 0.100453 4.535162 0.346350
v 0.008344 4.578750 0.376816
v -0.096400 4.642852 0.288017
v -0.195397 4.628545 0.278017
v -0.282453 4.587349 0.249222
v -0.347068 4.524233 0.205105
v -0.381449 4.446811 0.150988
v -0.381449 4.364419 0.093398
v -0.347068 4.286996 0.039281
v -0.282453 4.223880 -0.004836
v -0.195397 4.182684 -0.033631
v -0.096400 4.168377 -0.043631
v 0.002596 4.182684 -0.033631
v 0.089653 4.223880 -0.004836
v 0.154268 4.286996 0.039281
v 0.188649 4.364419 0.093398
v 0.188649 4.446810 0.150988
v 0.154268 4.524233 0.205105
v 0.089653 4.587349 0.249222
v 0.002597 4.628545 0.278017
v -0.096400 4.658029 0.190786
v -0.180599 4.645860 0.182281
v -0.254643 4.610822 0.157790
v -0.309600 4.557140 0.120267
v -0.338842 4.491290 0.074239
v -0.338842 4.421214 0.025257
v -0.309600 4.355363 -0.020771
v -0.254643 4.301682 -0.058293
v -0.180599 4.266644 -0.082784
v -0.096400 4.254475 -0.091290
v -0.012201 4.266644 -0.082784
v 0.061843 4.301682 -0.058293
v 0.116800 4.355363 -0.020771
v 0.146042 4.421214 0.025257
v 0.146042 4.491290 0.074239
v 0.116800 4.557140 0.120267
v 0.061843 4.610822 0.157790
v -0.012200 4.645860 0.182281
v -0.167525 4.814319 -0.121428
v -0.276494 4.739376 -0.173812
v -0.301196 4.624556 -0.254069
v -0.230071 4.523585 -0.324646
v -0.096400 4.483708 -0.352519
v 0.037271 4.523585 -0.324646
v 0.108396 4.624556 -0.254069
v 0.083694 4.739376 -0.173812
v -0.025275 4.814319 -0.121428
v -0.123391 4.794793 -0.305144
v -0.164745 4.766352 -0.325023
v -0.174119 4.722779 -0.355480
v -0.147127 4.684461 -0.382264
v -0.096400 4.669328 -0.392842
v -0.045672 4.684461 -0.382264
v -0.018681 4.722778 -0.355480
v -0.028055 4.766352 -0.325023
v -0.069408 4.794793 -0.305144
vn -0.0000 -0.5729 0.8196
vn -0.0000 -0.2407 0.9706
vn -0.1227 -0.2584 0.9582
vn -0.2306 -0.3095 0.9225
vn -0.3107 -0.3877 0.8678
vn -0.3533 -0.4837 0.8007
vn -0.3533 -0.5858 0.7294
vn -0.3107 -0.6818 0.6623
vn -0.2306 -0.7600 0.6076
vn -0.1227 -0.8111 0.5719
vn -0.0000 -0.8288 0.5595
vn 0.1227 -0.8111 0.5719
vn 0.2306 -0.7600 0.6076
vn 0.3107 -0.6818 0.6623
vn 0.3533 -0.5858 0.7294
vn 0.3533 -0.4837 0.8007
vn 0.3533 -0.4837 0.8008
vn 0.3107 -0.3877 0.8678
vn 0.2306 -0.3095 0.9225
vn 0.1227 -0.2584 0.9582
vn -0.0000 -0.2406 0.9706
vn -0.0000 0.1023 0.9947
vn -0.2236 0.0700 0.9722
vn -0.4202 -0.0230 0.9071
vn -0.2307 -0.3094 0.9225
vn -0.4203 -0.0230 0.9071
vn -0.5662 -0.1656 0.8075
vn -0.5662 -0.1655 0.8075
vn -0.3108 -0.3877 0.8678
vn -0.6438 -0.3404 0.6853
vn -0.3534 -0.4837 0.8007
vn -0.6439 -0.3405 0.6852
vn -0.6439 -0.5265 0.5552
vn -0.3534 -0.5858 0.7293
vn -0.6438 -0.5266 0.5551
vn -0.5662 -0.7014 0.4329
vn -0.3108 -0.6818 0.6622
vn -0.5662 -0.7015 0.4329
vn -0.4203 -0.8440 0.3333
vn -0.2307 -0.7600 0.6076
vn -0.2307 -0.7601 0.6075
vn -0.4202 -0.8440 0.3333
vn -0.2236 -0.9370 0.2682
vn -0.1227 -0.8111 0.5718
vn -0.2236 -0.9371 0.2682
vn -0.0000 -0.9694 0.2456
vn -0.0000 -0.8289 0.5594
vn 0.2236 -0.9371 0.2682
vn 0.1227 -0.8111 0.5718
vn 0.2236 -0.9370 0.2682
vn 0.4202 -0.8440 0.3333
vn 0.2307 -0.7601 0.6075
vn 0.4203 -0.8440 0.3333
vn 0.5662 -0.7015 0.4329
vn 0.3108 -0.6818 0.6622
vn 0.5662 -0.7014 0.4329
vn 0.6438 -0.5266 0.5551
vn 0.3534 -0.5858 0.7293
vn 0.6439 -0.5265 0.5552
vn 0.6439 -0.3405 0.6852
vn 0.3534 -0.4837 0.8007
vn 0.6438 -0.3404 0.6853
vn 0.5662 -0.1656 0.8075
vn 0.3108 -0.3877 0.8678
vn 0.4203 -0.0230 0.9071
vn 0.2307 -0.3094 0.9225
vn 0.4202 -0.0230 0.9071
vn 0.2236 0.0700 0.9722
vn -0.0000 0.1024 0.9947
vn -0.0000 0.4318 0.9020
vn -0.2978 0.3888 0.8719
vn -0.2236 0.0701 0.9722
vn -0.2237 0.0701 0.9721
vn -0.5596 0.2649 0.7853
vn -0.4203 -0.0229 0.9071
vn -0.5597 0.2649 0.7852
vn -0.7540 0.0750 0.6526
vn -0.5663 -0.1655 0.8074
vn -0.7540 0.0750 0.6525
vn -0.8574 -0.1579 0.4898
vn -0.6439 -0.3404 0.6852
vn -0.8575 -0.1579 0.4897
vn -0.8574 -0.4057 0.3165
vn -0.6439 -0.5265 0.5551
vn -0.6439 -0.5266 0.5551
vn -0.7540 -0.6386 0.1538
vn -0.5663 -0.7014 0.4329
vn -0.5662 -0.7015 0.4328
vn -0.7540 -0.6386 0.1537
vn -0.5597 -0.8284 0.0211
vn -0.4203 -0.8440 0.3332
vn -0.5662 -0.7014 0.4328
vn -0.5596 -0.8285 0.0210
vn -0.2978 -0.9524 -0.0656
vn -0.2237 -0.9371 0.2682
vn -0.2236 -0.9371 0.2681
vn -0.0000 -0.9954 -0.0957
vn 0.2978 -0.9524 -0.0656
vn 0.2236 -0.9371 0.2681
vn 0.2237 -0.9371 0.2682
vn 0.5596 -0.8285 0.0210
vn 0.4203 -0.8440 0.3332
vn 0.5597 -0.8284 0.0210
vn 0.7540 -0.6386 0.1537
vn 0.5662 -0.7015 0.4328
vn 0.5663 -0.7014 0.4329
vn 0.7540 -0.6386 0.1538
vn 0.8574 -0.4057 0.3165
vn 0.6439 -0.5266 0.5551
vn 0.6439 -0.5265 0.5551
vn 0.8575 -0.4057 0.3165
vn 0.8574 -0.1579 0.4898
vn 0.6439 -0.3404 0.6852
vn 0.8574 -0.1578 0.4898
vn 0.7540 0.0750 0.6525
vn 0.5663 -0.1655 0.8074
vn 0.5662 -0.1655 0.8075
vn 0.7540 0.0750 0.6526
vn 0.5597 0.2649 0.7853
vn 0.5597 0.2649 0.7852
vn 0.4203 -0.0229 0.9071
vn 0.5596 0.2649 0.7853
vn 0.2978 0.3888 0.8719
vn 0.2237 0.0701 0.9721
vn 0.2236 0.0701 0.9722
vn -0.0000 0.4319 0.9019
vn -0.0000 0.7100 0.7042
vn -0.3370 0.6613 0.6702
vn -0.3370 0.6612 0.6702
vn -0.2977 0.3888 0.8719
vn -0.2978 0.3888 0.8718
vn -0.3371 0.6612 0.6702
vn -0.6333 0.5210 0.5722
vn -0.6334 0.5210 0.5722
vn -0.8533 0.3062 0.4220
vn -0.8533 0.3061 0.4220
vn -0.7540 0.0751 0.6526
vn -0.7541 0.0751 0.6525
vn -0.8534 0.3061 0.4220
vn -0.9704 0.0426 0.2378
vn -0.8575 -0.1578 0.4898
vn -0.7541 0.0750 0.6525
vn -0.9704 0.0425 0.2377
vn -0.9704 -0.2379 0.0417
vn -0.8575 -0.4057 0.3165
vn -0.8534 -0.5014 -0.1425
vn -0.8534 -0.5015 -0.1425
vn -0.7541 -0.6386 0.1537
vn -0.8533 -0.5015 -0.1426
vn -0.6334 -0.7163 -0.2927
vn -0.5597 -0.8284 0.0210
vn -0.5597 -0.8285 0.0210
vn -0.6333 -0.7164 -0.2927
vn -0.3371 -0.8566 -0.3907
vn -0.3370 -0.8566 -0.3907
vn -0.3370 -0.8566 -0.3908
vn -0.0000 -0.9053 -0.4248
vn -0.0001 -0.9954 -0.0957
vn 0.3370 -0.8566 -0.3908
vn 0.3370 -0.8566 -0.3907
vn 0.2977 -0.9524 -0.0656
vn 0.3371 -0.8566 -0.3907
vn 0.6333 -0.7164 -0.2927
vn 0.6334 -0.7164 -0.2927
vn 0.6334 -0.7163 -0.2927
vn 0.8533 -0.5015 -0.1426
vn 0.8533 -0.5015 -0.1425
vn 0.7541 -0.6386 0.1537
vn 0.8534 -0.5014 -0.1425
vn 0.9704 -0.2379 0.0417
vn 0.9704 0.0425 0.2377
vn 0.9704 0.0425 0.2378
vn 0.8575 -0.1579 0.4897
vn 0.8575 -0.1578 0.4897
vn 0.9704 0.0426 0.2378
vn 0.8534 0.3061 0.4220
vn 0.7541 0.0750 0.6525
vn 0.8575 -0.1578 0.4898
vn 0.7540 0.0751 0.6525
vn 0.8533 0.3062 0.4220
vn 0.6334 0.5210 0.5721
vn 0.6334 0.5210 0.5722
vn 0.6333 0.5210 0.5722
vn 0.3371 0.6612 0.6702
vn 0.3370 0.6612 0.6702
vn 0.2978 0.3888 0.8718
vn 0.5596 0.2649 0.7852
vn 0.2978 0.3889 0.8718
vn 0.3370 0.6613 0.6702
vn -0.0000 0.7099 0.7043
vn 0.0001 0.4319 0.9019
vn -0.0000 0.9053 0.4248
vn -0.3370 0.8566 0.3908
vn -0.6334 0.7163 0.2928
vn -0.6334 0.5210 0.5721
vn -0.8533 0.5015 0.1426
vn -0.8534 0.3062 0.4219
vn -0.8534 0.5015 0.1426
vn -0.9704 0.2379 -0.0417
vn -0.9704 0.0426 0.2377
vn -0.9704 -0.0426 -0.2377
vn -0.8534 -0.3062 -0.4219
vn -0.8534 -0.5015 -0.1426
vn -0.8533 -0.3062 -0.4220
vn -0.6334 -0.5210 -0.5721
vn -0.6334 -0.7163 -0.2928
vn -0.3370 -0.6613 -0.6702
vn -0.0000 -0.7100 -0.7042
vn 0.3370 -0.6613 -0.6702
vn 0.6334 -0.5210 -0.5721
vn 0.6334 -0.5211 -0.5721
vn 0.6334 -0.7163 -0.2928
vn 0.8533 -0.3062 -0.4220
vn 0.8533 -0.3062 -0.4219
vn 0.8534 -0.5014 -0.1426
vn 0.8534 -0.3062 -0.4219
vn 0.9704 -0.0426 -0.2377
vn 0.8534 -0.5015 -0.1426
vn 0.9704 -0.2378 0.0417
vn 0.9704 0.2379 -0.0417
vn 0.9704 0.0426 0.2377
vn 0.9704 0.0427 0.2377
vn 0.8534 0.5014 0.1426
vn 0.8534 0.5015 0.1426
vn 0.8534 0.3062 0.4219
vn 0.8534 0.3062 0.4220
vn 0.8533 0.5015 0.1426
vn 0.6334 0.7163 0.2928
vn 0.8533 0.3062 0.4219
vn 0.6334 0.5211 0.5721
vn 0.3370 0.8566 0.3908
vn -0.0000 0.9830 0.1834
vn -0.3115 0.9380 0.1519
vn -0.3370 0.8566 0.3907
vn -0.3116 0.9380 0.1519
vn -0.5854 0.8084 0.0613
vn -0.6333 0.7164 0.2927
vn -0.3371 0.8566 0.3907
vn -0.6334 0.7163 0.2927
vn -0.5855 0.8084 0.0613
vn -0.7887 0.6098 -0.0775
vn -0.8534 0.5015 0.1425
vn -0.7888 0.6097 -0.0775
vn -0.8969 0.3662 -0.2478
vn -0.8534 0.5014 0.1425
vn -0.8970 0.3661 -0.2478
vn -0.8970 0.1069 -0.4290
vn -0.9704 -0.0425 -0.2377
vn -0.9704 -0.0426 -0.2378
vn -0.7888 -0.1367 -0.5993
vn -0.8534 -0.3061 -0.4220
vn -0.8533 -0.3061 -0.4220
vn -0.7888 -0.1368 -0.5993
vn -0.5855 -0.3353 -0.7381
vn -0.6334 -0.5210 -0.5722
vn -0.5854 -0.3354 -0.7381
vn -0.3116 -0.4649 -0.8287
vn -0.3371 -0.6612 -0.6702
vn -0.6333 -0.5210 -0.5722
vn -0.3370 -0.6612 -0.6702
vn -0.3115 -0.4650 -0.8287
vn -0.0001 -0.5100 -0.8602
vn -0.0000 -0.5100 -0.8602
vn -0.0000 -0.7099 -0.7043
vn 0.3115 -0.4650 -0.8287
vn 0.3370 -0.6612 -0.6702
vn 0.3116 -0.4650 -0.8287
vn 0.5854 -0.3354 -0.7381
vn 0.6333 -0.5210 -0.5722
vn 0.3371 -0.6612 -0.6702
vn 0.6334 -0.5210 -0.5722
vn 0.5855 -0.3353 -0.7381
vn 0.7887 -0.1368 -0.5993
vn 0.8534 -0.3061 -0.4220
vn 0.7888 -0.1367 -0.5993
vn 0.8969 0.1069 -0.4290
vn 0.9704 -0.0426 -0.2378
vn 0.9704 -0.0425 -0.2378
vn 0.8970 0.1069 -0.4290
vn 0.8970 0.3661 -0.2478
vn 0.9704 -0.0425 -0.2377
vn 0.8970 0.3662 -0.2477
vn 0.7888 0.6097 -0.0775
vn 0.8534 0.5014 0.1425
vn 0.8533 0.5015 0.1425
vn 0.7888 0.6098 -0.0775
vn 0.5855 0.8084 0.0613
vn 0.6334 0.7163 0.2927
vn 0.6334 0.7164 0.2927
vn 0.5854 0.8084 0.0614
vn 0.3116 0.9380 0.1519
vn 0.3371 0.8566 0.3907
vn 0.6333 0.7164 0.2927
vn 0.3370 0.8566 0.3907
vn 0.3115 0.9380 0.1520
vn 0.0001 0.9830 0.1834
vn -0.0000 0.9867 0.1627
vn -0.3085 0.9421 0.1316
vn -0.0001 0.9830 0.1834
vn -0.5797 0.8137 0.0419
vn -0.5798 0.8137 0.0418
vn -0.7811 0.6171 -0.0956
vn -0.7888 0.6098 -0.0775
vn -0.7811 0.6170 -0.0956
vn -0.8882 0.3758 -0.2642
vn -0.8882 0.3758 -0.2643
vn -0.8882 0.1191 -0.4437
vn -0.8969 0.1070 -0.4290
vn -0.8969 0.1069 -0.4290
vn -0.8882 0.1190 -0.4437
vn -0.7811 -0.1222 -0.6123
vn -0.7887 -0.1367 -0.5993
vn -0.5798 -0.3189 -0.7498
vn -0.7887 -0.1368 -0.5993
vn -0.5854 -0.3353 -0.7381
vn -0.5797 -0.3189 -0.7498
vn -0.3085 -0.4472 -0.8395
vn -0.3085 -0.4473 -0.8395
vn -0.3115 -0.4649 -0.8287
vn -0.0000 -0.4918 -0.8707
vn -0.0000 -0.5099 -0.8602
vn 0.3085 -0.4472 -0.8395
vn 0.3085 -0.4473 -0.8395
vn 0.3115 -0.4649 -0.8287
vn 0.0001 -0.5100 -0.8602
vn 0.5797 -0.3189 -0.7498
vn 0.5854 -0.3353 -0.7381
vn 0.3116 -0.4649 -0.8287
vn 0.5798 -0.3189 -0.7498
vn 0.7811 -0.1222 -0.6123
vn 0.7887 -0.1367 -0.5993
vn 0.8882 0.1190 -0.4437
vn 0.8969 0.1069 -0.4291
vn 0.8970 0.1070 -0.4290
vn 0.8882 0.1191 -0.4437
vn 0.8882 0.3758 -0.2643
vn 0.8882 0.3758 -0.2642
vn 0.8969 0.3661 -0.2478
vn 0.8969 0.3662 -0.2478
vn 0.7811 0.6170 -0.0956
vn 0.7887 0.6098 -0.0775
vn 0.7811 0.6171 -0.0956
vn 0.5798 0.8137 0.0418
vn 0.5798 0.8137 0.0419
vn 0.5854 0.8084 0.0613
vn 0.5797 0.8137 0.0418
vn 0.3085 0.9421 0.1316
vn 0.3115 0.9380 0.1519
vn -0.0000 0.9867 0.1628
vn -0.0001 0.9867 0.1628
vn -0.0000 0.9421 0.3353
vn -0.3298 0.8945 0.3020
vn -0.3084 0.9421 0.1316
vn -0.6198 0.7572 0.2060
vn -0.5798 0.8137 0.0419
vn -0.8351 0.5470 0.0591
vn -0.8351 0.5469 0.0590
vn -0.9496 0.2890 -0.1212
vn -0.8883 0.3757 -0.2642
vn -0.9496 0.0146 -0.3131
vn -0.8883 0.1191 -0.4437
vn -0.9496 0.0145 -0.3131
vn -0.8351 -0.2434 -0.4934
vn -0.7811 -0.1223 -0.6123
vn -0.6198 -0.4536 -0.6403
vn -0.6198 -0.4537 -0.6403
vn -0.3298 -0.5909 -0.7363
vn -0.3084 -0.4473 -0.8395
vn -0.0000 -0.6385 -0.7696
vn -0.0000 -0.6386 -0.7696
vn -0.0001 -0.4919 -0.8707
vn 0.0001 -0.4919 -0.8707
vn 0.3298 -0.5909 -0.7363
vn 0.3084 -0.4473 -0.8395
vn -0.0000 -0.4919 -0.8707
vn 0.6198 -0.4537 -0.6403
vn 0.6198 -0.4536 -0.6403
vn 0.8351 -0.2434 -0.4934
vn 0.7811 -0.1223 -0.6123
vn 0.9496 0.0145 -0.3131
vn 0.8883 0.1191 -0.4436
vn 0.9496 0.0146 -0.3131
vn 0.9496 0.2890 -0.1212
vn 0.8883 0.3757 -0.2643
vn 0.8351 0.5469 0.0590
vn 0.8351 0.5469 0.0591
vn 0.8351 0.5470 0.0591
vn 0.6198 0.7572 0.2060
vn 0.5797 0.8137 0.0419
vn 0.3298 0.8945 0.3020
vn 0.3298 0.8944 0.3020
vn 0.3084 0.9421 0.1316
vn 0.0001 0.9867 0.1628
vn -0.0001 0.9520 0.3062
vn -0.3268 0.9047 0.2732
vn -0.3269 0.9047 0.2732
vn -0.6143 0.7687 0.1782
vn -0.6198 0.7572 0.2061
vn -0.3298 0.8944 0.3020
vn -0.6143 0.7687 0.1781
vn -0.8276 0.5603 0.0325
vn -0.6199 0.7572 0.2061
vn -0.8277 0.5603 0.0324
vn -0.9412 0.3047 -0.1462
vn -0.8351 0.5469 0.0591
vn -0.9412 0.3046 -0.1463
vn -0.9412 0.0327 -0.3363
vn -0.9496 0.0146 -0.3130
vn -0.9412 0.3046 -0.1462
vn -0.9412 0.0326 -0.3364
vn -0.8277 -0.2230 -0.5150
vn -0.8351 -0.2434 -0.4933
vn -0.8276 -0.2230 -0.5151
vn -0.6143 -0.4314 -0.6607
vn -0.6199 -0.4537 -0.6403
vn -0.3269 -0.5674 -0.7558
vn -0.3298 -0.5909 -0.7362
vn -0.3268 -0.5674 -0.7558
vn -0.0000 -0.6147 -0.7888
vn -0.0000 -0.6386 -0.7695
vn 0.0001 -0.6146 -0.7888
vn 0.3268 -0.5674 -0.7558
vn 0.3298 -0.5909 -0.7362
vn 0.0001 -0.6147 -0.7888
vn 0.3269 -0.5674 -0.7558
vn 0.6143 -0.4314 -0.6607
vn 0.8276 -0.2230 -0.5151
vn 0.6199 -0.4537 -0.6403
vn 0.8277 -0.2230 -0.5150
vn 0.9412 0.0326 -0.3364
vn 0.8351 -0.2434 -0.4933
vn 0.9412 0.0327 -0.3363
vn 0.9412 0.3046 -0.1462
vn 0.9496 0.0146 -0.3130
vn 0.9412 0.3047 -0.1462
vn 0.8277 0.5603 0.0325
vn 0.8276 0.5604 0.0325
vn 0.6143 0.7687 0.1781
vn 0.6199 0.7572 0.2061
vn 0.8276 0.5603 0.0325
vn 0.3269 0.9047 0.2732
vn 0.6198 0.7572 0.2061
vn 0.6143 0.7687 0.1782
vn 0.3268 0.9047 0.2732
vn -0.0000 0.9520 0.3062
vn -0.0000 0.9880 0.1542
vn -0.3072 0.9436 0.1232
vn -0.5773 0.8158 0.0339
vn -0.3269 0.9047 0.2731
vn -0.5774 0.8158 0.0338
vn -0.7778 0.6200 -0.1030
vn -0.8276 0.5603 0.0324
vn -0.7779 0.6199 -0.1031
vn -0.8845 0.3797 -0.2710
vn -0.9411 0.3047 -0.1462
vn -0.8845 0.1241 -0.4497
vn -0.9412 0.0327 -0.3364
vn -0.9411 0.3047 -0.1463
vn -0.8845 0.1240 -0.4497
vn -0.7779 -0.1162 -0.6176
vn -0.8276 -0.2229 -0.5151
vn -0.9411 0.0327 -0.3364
vn -0.7778 -0.1162 -0.6176
vn -0.5774 -0.3121 -0.7545
vn -0.6143 -0.4313 -0.6607
vn -0.5773 -0.3121 -0.7545
vn -0.3072 -0.4399 -0.8439
vn -0.6143 -0.4313 -0.6608
vn -0.0000 -0.4843 -0.8749
vn -0.0000 -0.6146 -0.7888
vn 0.3072 -0.4399 -0.8439
vn 0.5773 -0.3121 -0.7545
vn 0.5774 -0.3121 -0.7545
vn 0.7778 -0.1162 -0.6176
vn 0.6143 -0.4313 -0.6608
vn 0.7779 -0.1162 -0.6176
vn 0.8845 0.1240 -0.4497
vn 0.9411 0.0326 -0.3364
vn 0.8276 -0.2229 -0.5151
vn 0.8845 0.1241 -0.4497
vn 0.8845 0.3797 -0.2710
vn 0.9412 0.3047 -0.1463
vn 0.9411 0.0327 -0.3364
vn 0.7779 0.6199 -0.1031
vn 0.8276 0.5603 0.0324
vn 0.9411 0.3047 -0.1463
vn 0.7778 0.6200 -0.1030
vn 0.5774 0.8158 0.0338
vn 0.5773 0.8158 0.0338
vn 0.3072 0.9436 0.1232
vn 0.5773 0.8158 0.0339
vn 0.3269 0.9047 0.2731
vn 0.3272 0.8438 0.4253
vn -0.3262 0.8414 0.4309
vn -0.3192 0.8470 0.4252
vn 0.3273 0.8438 0.4253
vn -0.3192 0.8470 0.4251
vn -0.0215 0.8960 0.4436
vn 0.3272 0.8439 0.4252
vn -0.0214 0.8959 0.4436
vn 0.3399 0.8286 0.4449
vn -0.6385 0.6894 0.3420
vn -0.3193 0.8469 0.4252
vn -0.3263 0.8414 0.4308
vn -0.6386 0.6894 0.3420
vn -0.8565 0.4899 0.1624
vn -0.8607 0.4704 0.1946
vn -0.9783 0.2071 0.0049
vn -0.8608 0.4703 0.1945
vn -0.8566 0.4899 0.1623
vn -0.9740 -0.0562 -0.2193
vn -0.9783 0.2071 0.0048
vn -0.9788 -0.0784 -0.1890
vn -0.8603 -0.3414 -0.3785
vn -0.9788 -0.0785 -0.1891
vn -0.9740 -0.0562 -0.2194
vn -0.6358 -0.5364 -0.5550
vn -0.6389 -0.5610 -0.5263
vn -0.3398 -0.6994 -0.6288
vn -0.6388 -0.5611 -0.5264
vn -0.6357 -0.5365 -0.5550
vn -0.0000 -0.7261 -0.6876
vn -0.3397 -0.6994 -0.6288
vn -0.0001 -0.7516 -0.6596
vn 0.3397 -0.6994 -0.6288
vn 0.0001 -0.7516 -0.6596
vn 0.3398 -0.6994 -0.6288
vn 0.6357 -0.5365 -0.5550
vn 0.6388 -0.5611 -0.5264
vn 0.8603 -0.3414 -0.3785
vn 0.6389 -0.5610 -0.5263
vn 0.6358 -0.5364 -0.5550
vn 0.9740 -0.0562 -0.2194
vn 0.9740 -0.0563 -0.2194
vn 0.9788 -0.0785 -0.1891
vn 0.9783 0.2071 0.0048
vn 0.9788 -0.0784 -0.1890
vn 0.9740 -0.0562 -0.2193
vn 0.9783 0.2071 0.0049
vn 0.8566 0.4899 0.1623
vn 0.8566 0.4898 0.1623
vn 0.8608 0.4703 0.1945
vn 0.6386 0.6894 0.3420
vn 0.8607 0.4704 0.1946
vn 0.8565 0.4899 0.1624
vn 0.6385 0.6894 0.3420
vn 0.3273 0.8438 0.4252
vn 0.3400 0.8285 0.4449
vn 0.2510 0.9544 -0.1617
vn -0.2510 0.9544 -0.1617
vn -0.6355 0.6899 -0.3466
vn -0.7227 0.2848 -0.6298
vn -0.7227 0.2847 -0.6298
vn -0.4717 -0.0716 -0.8788
vn -0.4717 -0.0716 -0.8789
vn -0.0000 -0.2123 -0.9772
vn 0.4717 -0.0716 -0.8789
vn 0.4717 -0.0716 -0.8788
vn 0.7227 0.2847 -0.6298
vn 0.7227 0.2848 -0.6298
vn 0.6355 0.6899 -0.3466
vn -0.0000 0.5729 -0.8196
vt 0.735968 0.756995
vt 0.735978 0.773947
vt 0.730117 0.772915
vt 0.724991 0.769948
vt 0.721213 0.765434
vt 0.719215 0.759931
vt 0.719226 0.754072
vt 0.721211 0.748552
vt 0.724981 0.744044
vt 0.730100 0.741077
vt 0.735957 0.740044
vt 0.741818 0.741075
vt 0.746944 0.744042
vt 0.750722 0.748557
vt 0.752720 0.754059
vt 0.752709 0.759919
vt 0.750725 0.765439
vt 0.746954 0.769947
vt 0.741835 0.772914
vt 0.736006 0.791437
vt 0.724204 0.789379
vt 0.713817 0.783413
vt 0.706097 0.774260
vt 0.701980 0.763019
vt 0.701975 0.751070
vt 0.706039 0.739823
vt 0.713743 0.730637
vt 0.724127 0.724638
vt 0.735929 0.722553
vt 0.747730 0.724612
vt 0.758119 0.730577
vt 0.765838 0.739731
vt 0.769955 0.750971
vt 0.769960 0.762920
vt 0.765895 0.774167
vt 0.758192 0.783354
vt 0.747808 0.789352
vt 0.736037 0.808965
vt 0.718244 0.805860
vt 0.702584 0.796863
vt 0.690944 0.783054
vt 0.684735 0.766097
vt 0.684711 0.748041
vt 0.690871 0.731066
vt 0.702474 0.717223
vt 0.718113 0.708181
vt 0.735898 0.705025
vt 0.753691 0.708131
vt 0.769350 0.717128
vt 0.780991 0.730937
vt 0.787201 0.747893
vt 0.787225 0.765949
vt 0.781065 0.782924
vt 0.769461 0.796767
vt 0.753823 0.805809
vt 0.736064 0.827163
vt 0.712052 0.822971
vt 0.690916 0.810825
vt 0.675205 0.792182
vt 0.666822 0.769286
vt 0.666789 0.744902
vt 0.675107 0.721981
vt 0.690768 0.703294
vt 0.711870 0.691088
vt 0.735871 0.686827
vt 0.759883 0.691020
vt 0.781019 0.703166
vt 0.796730 0.721808
vt 0.805112 0.744705
vt 0.805147 0.769088
vt 0.796829 0.792009
vt 0.781168 0.810696
vt 0.760065 0.822902
vt 0.819978 0.196623
vt 0.820015 0.178021
vt 0.837665 0.177043
vt 0.839759 0.195527
vt 0.855087 0.174049
vt 0.859283 0.192172
vt 0.872050 0.169080
vt 0.878294 0.186601
vt 0.888328 0.162197
vt 0.896534 0.178887
vt 0.903706 0.153491
vt 0.913752 0.169135
vt 0.917987 0.143074
vt 0.929698 0.157497
vt 0.931023 0.131085
vt 0.944130 0.144218
vt 0.942799 0.117683
vt 0.956912 0.129754
vt 0.953628 0.103115
vt 0.968470 0.115012
vt 0.671798 0.114438
vt 0.686686 0.102597
vt 0.697460 0.117207
vt 0.683300 0.129223
vt 0.709185 0.130654
vt 0.696028 0.143737
vt 0.722175 0.142693
vt 0.710410 0.157071
vt 0.736417 0.153164
vt 0.726311 0.168769
vt 0.751762 0.161929
vt 0.743492 0.178587
vt 0.768014 0.168874
vt 0.761702 0.186371
vt 0.784957 0.173911
vt 0.780690 0.192016
vt 0.802368 0.176972
vt 0.800201 0.195448
vt 0.820051 0.159372
vt 0.835568 0.158513
vt 0.850884 0.155882
vt 0.865800 0.151515
vt 0.880120 0.145466
vt 0.893665 0.137812
vt 0.906276 0.128645
vt 0.917834 0.118067
vt 0.928247 0.106156
vt 0.937232 0.092883
vt 0.703121 0.092428
vt 0.712055 0.105735
vt 0.722423 0.117686
vt 0.733941 0.128309
vt 0.746518 0.137523
vt 0.760035 0.145229
vt 0.774332 0.151334
vt 0.789231 0.155760
vt 0.804537 0.158451
vt 0.820083 0.142969
vt 0.833724 0.142214
vt 0.847189 0.139903
vt 0.860303 0.136067
vt 0.872897 0.130757
vt 0.884810 0.124043
vt 0.895895 0.116017
vt 0.906007 0.106795
vt 0.914968 0.096514
vt 0.922384 0.085257
vt 0.717999 0.084860
vt 0.725371 0.096144
vt 0.734293 0.106459
vt 0.744371 0.115720
vt 0.755426 0.123789
vt 0.767314 0.130548
vt 0.779888 0.135908
vt 0.792988 0.139795
vt 0.806445 0.142159
vt 0.820112 0.127788
vt 0.832018 0.127129
vt 0.843770 0.125114
vt 0.855216 0.121770
vt 0.866206 0.117143
vt 0.876596 0.111297
vt 0.886247 0.104316
vt 0.895013 0.096309
vt 0.902732 0.087418
vt 0.909285 0.077879
vt 0.731125 0.077532
vt 0.737643 0.087095
vt 0.745327 0.096015
vt 0.754064 0.104056
vt 0.763688 0.111074
vt 0.774057 0.116960
vt 0.785030 0.121631
vt 0.796464 0.125020
vt 0.808209 0.127082
vt 0.820136 0.115873
vt 0.830680 0.115290
vt 0.841088 0.113506
vt 0.851225 0.110546
vt 0.860956 0.106451
vt 0.870155 0.101277
vt 0.878698 0.095093
vt 0.886472 0.087979
vt 0.893390 0.080005
vt 0.899473 0.071204
vt 0.740964 0.070894
vt 0.747012 0.079719
vt 0.753901 0.087718
vt 0.761647 0.094863
vt 0.770168 0.101079
vt 0.779348 0.106289
vt 0.789065 0.110422
vt 0.799191 0.113422
vt 0.809593 0.115247
vt 0.820157 0.105289
vt 0.829492 0.104773
vt 0.838707 0.103194
vt 0.847682 0.100574
vt 0.856299 0.096949
vt 0.864444 0.092368
vt 0.872008 0.086892
vt 0.878898 0.080592
vt 0.885032 0.073561
vt 0.890235 0.065901
vt 0.750221 0.065626
vt 0.755395 0.073306
vt 0.761503 0.080360
vt 0.768369 0.086687
vt 0.775913 0.092192
vt 0.784042 0.096805
vt 0.792646 0.100464
vt 0.801612 0.103120
vt 0.810823 0.104736
vt 0.648427 0.014146
vt 0.663768 0.013696
vt 0.666275 0.051097
vt 0.657201 0.051565
vt 0.648116 0.051630
vt 0.675330 0.050350
vt 0.679032 0.012095
vt 0.684343 0.049201
vt 0.693317 0.047776
vt 0.694131 0.009351
vt 0.702218 0.045953
vt 0.711060 0.043856
vt 0.708982 0.005478
vt 0.719798 0.041368
vt 0.728457 0.038613
vt 0.723498 0.000500
vt 0.736984 0.035475
vt 0.585310 0.042808
vt 0.576614 0.040174
vt 0.588030 0.004470
vt 0.602812 0.008590
vt 0.594115 0.045052
vt 0.602984 0.047024
vt 0.617863 0.011587
vt 0.611933 0.048599
vt 0.620926 0.049898
vt 0.633096 0.013442
vt 0.629967 0.050796
vt 0.639032 0.051415
vt 0.555582 0.535474
vt 0.560673 0.535474
vt 0.567365 0.553862
vt 0.548888 0.553861
vt 0.564574 0.532202
vt 0.581519 0.541986
vt 0.565458 0.527187
vt 0.584728 0.523790
vt 0.562912 0.522778
vt 0.575491 0.507789
vt 0.558128 0.521036
vt 0.558128 0.501469
vt 0.553343 0.522778
vt 0.540766 0.507788
vt 0.550797 0.527187
vt 0.531527 0.523789
vt 0.551681 0.532202
vt 0.534735 0.541984
s 0
usemtl 07_-_Default
f 659/830/1642 660/831/1643 661/832/1644
f 659/830/1642 661/832/1644 662/833/1645
f 659/830/1642 662/833/1645 663/834/1646
f 659/830/1642 663/834/1646 664/835/1647
f 659/830/1642 664/835/1647 665/836/1648
f 659/830/1642 665/836/1648 666/837/1649
f 659/830/1642 666/837/1649 667/838/1650
f 659/830/1642 667/838/1650 668/839/1651
f 659/830/1642 668/839/1651 669/840/1652
f 659/830/1642 669/840/1652 670/841/1653
f 659/830/1642 670/841/1653 671/842/1654
f 659/830/1642 671/842/1654 672/843/1655
f 659/830/1642 672/843/1655 673/844/1656
f 659/830/1642 673/844/1656 674/845/1657
f 659/830/1642 674/845/1658 675/846/1659
f 659/830/1642 675/846/1659 676/847/1660
f 659/830/1642 676/847/1660 677/848/1661
f 659/830/1642 677/848/1661 660/831/1643
f 660/831/1662 678/849/1663 679/850/1664
f 679/850/1664 661/832/1644 660/831/1662
f 661/832/1644 679/850/1664 680/851/1665
f 680/851/1665 662/833/1666 661/832/1644
f 662/833/1666 680/851/1667 681/852/1668
f 681/852/1669 663/834/1670 662/833/1666
f 663/834/1670 681/852/1668 682/853/1671
f 682/853/1671 664/835/1672 663/834/1670
f 664/835/1672 682/853/1673 683/854/1674
f 683/854/1674 665/836/1675 664/835/1672
f 665/836/1675 683/854/1676 684/855/1677
f 684/855/1677 666/837/1678 665/836/1675
f 666/837/1678 684/855/1679 685/856/1680
f 685/856/1680 667/838/1681 666/837/1678
f 667/838/1682 685/856/1683 686/857/1684
f 686/857/1684 668/839/1685 667/838/1682
f 668/839/1685 686/857/1686 687/858/1687
f 687/858/1687 669/840/1688 668/839/1685
f 669/840/1688 687/858/1687 688/859/1689
f 688/859/1689 670/841/1690 669/840/1688
f 670/841/1690 688/859/1691 689/860/1692
f 689/860/1692 671/842/1693 670/841/1690
f 671/842/1693 689/860/1694 690/861/1695
f 690/861/1695 672/843/1696 671/842/1693
f 672/843/1696 690/861/1697 691/862/1698
f 691/862/1698 673/844/1699 672/843/1696
f 673/844/1699 691/862/1700 692/863/1701
f 692/863/1701 674/845/1702 673/844/1699
f 674/845/1702 692/863/1703 693/864/1704
f 693/864/1704 675/846/1705 674/845/1702
f 675/846/1705 693/864/1704 694/865/1706
f 694/865/1706 676/847/1707 675/846/1705
f 676/847/1707 694/865/1708 695/866/1709
f 695/866/1709 677/848/1661 676/847/1707
f 677/848/1661 695/866/1709 678/849/1710
f 678/849/1710 660/831/1662 677/848/1661
f 678/849/1710 696/867/1711 697/868/1712
f 697/868/1712 679/850/1713 678/849/1710
f 679/850/1714 697/868/1712 698/869/1715
f 698/869/1715 680/851/1716 679/850/1714
f 680/851/1667 698/869/1717 699/870/1718
f 699/870/1718 681/852/1669 680/851/1667
f 681/852/1719 699/870/1720 700/871/1721
f 700/871/1721 682/853/1722 681/852/1719
f 682/853/1722 700/871/1723 701/872/1724
f 701/872/1724 683/854/1725 682/853/1722
f 683/854/1726 701/872/1724 702/873/1727
f 702/873/1727 684/855/1728 683/854/1726
f 684/855/1729 702/873/1730 703/874/1731
f 703/874/1731 685/856/1732 684/855/1733
f 685/856/1732 703/874/1734 704/875/1735
f 704/875/1735 686/857/1736 685/856/1732
f 686/857/1737 704/875/1735 705/876/1738
f 705/876/1738 687/858/1687 686/857/1737
f 687/858/1687 705/876/1738 706/877/1739
f 706/877/1739 688/859/1740 687/858/1687
f 688/859/1741 706/877/1739 707/878/1742
f 707/878/1742 689/860/1743 688/859/1741
f 689/860/1743 707/878/1744 708/879/1745
f 708/879/1745 690/861/1746 689/860/1743
f 690/861/1747 708/879/1748 709/880/1749
f 709/880/1749 691/862/1750 690/861/1747
f 691/862/1751 709/880/1752 710/881/1753
f 710/881/1753 692/863/1754 691/862/1751
f 692/863/1754 710/881/1755 711/882/1756
f 711/882/1756 693/864/1757 692/863/1754
f 693/864/1758 711/882/1759 712/883/1760
f 712/883/1761 694/865/1706 693/864/1758
f 694/865/1762 712/883/1763 713/884/1764
f 713/884/1764 695/866/1765 694/865/1762
f 695/866/1766 713/884/1764 696/867/1711
f 696/867/1711 678/849/1710 695/866/1766
f 696/867/1767 714/885/1768 715/886/1769
f 715/886/1770 697/868/1771 696/867/1767
f 697/868/1772 715/886/1773 716/887/1774
f 716/887/1775 698/869/1715 697/868/1772
f 698/869/1717 716/887/1775 717/888/1776
f 717/888/1777 699/870/1778 698/869/1717
f 699/870/1779 717/888/1780 718/889/1781
f 718/889/1781 700/871/1782 699/870/1783
f 700/871/1723 718/889/1784 719/890/1785
f 719/890/1785 701/872/1786 700/871/1723
f 701/872/1786 719/890/1785 720/891/1787
f 720/891/1788 702/873/1789 701/872/1786
f 702/873/1730 720/891/1790 721/892/1791
f 721/892/1791 703/874/1792 702/873/1730
f 703/874/1793 721/892/1794 722/893/1795
f 722/893/1796 704/875/1735 703/874/1734
f 704/875/1735 722/893/1797 723/894/1798
f 723/894/1798 705/876/1799 704/875/1735
f 705/876/1738 723/894/1798 724/895/1800
f 724/895/1801 706/877/1802 705/876/1738
f 706/877/1739 724/895/1803 725/896/1804
f 725/896/1805 707/878/1742 706/877/1739
f 707/878/1744 725/896/1806 726/897/1807
f 726/897/1808 708/879/1745 707/878/1744
f 708/879/1809 726/897/1810 727/898/1811
f 727/898/1811 709/880/1752 708/879/1809
f 709/880/1752 727/898/1811 728/899/1812
f 728/899/1813 710/881/1814 709/880/1752
f 710/881/1815 728/899/1816 729/900/1817
f 729/900/1817 711/882/1818 710/881/1819
f 711/882/1820 729/900/1821 730/901/1822
f 730/901/1823 712/883/1761 711/882/1820
f 712/883/1761 730/901/1824 731/902/1825
f 731/902/1826 713/884/1827 712/883/1828
f 713/884/1829 731/902/1830 714/885/1768
f 714/885/1831 696/867/1832 713/884/1764
f 714/903/1768 732/904/1833 733/905/1834
f 733/905/1834 715/906/1769 714/903/1768
f 715/906/1769 733/905/1834 734/907/1835
f 734/907/1835 716/908/1836 715/906/1769
f 716/908/1836 734/907/1835 735/909/1837
f 735/909/1837 717/910/1776 716/908/1836
f 717/910/1838 735/909/1839 736/911/1840
f 736/911/1840 718/912/1841 717/910/1838
f 718/912/1841 736/911/1840 737/913/1842
f 737/913/1842 719/914/1785 718/912/1841
f 719/914/1785 737/913/1842 738/915/1843
f 738/915/1843 720/916/1844 719/914/1785
f 720/916/1844 738/915/1845 739/917/1846
f 739/917/1846 721/918/1847 720/916/1790
f 721/918/1847 739/917/1846 740/919/1848
f 740/919/1848 722/920/1797 721/918/1847
f 722/920/1797 740/919/1848 741/921/1849
f 741/921/1849 723/922/1798 722/920/1797
f 723/923/1798 741/924/1849 742/925/1850
f 742/925/1850 724/926/1800 723/923/1798
f 724/926/1800 742/925/1850 743/927/1851
f 743/927/1852 725/928/1853 724/926/1800
f 725/928/1853 743/927/1851 744/929/1854
f 744/929/1855 726/930/1807 725/928/1853
f 726/930/1856 744/929/1857 745/931/1858
f 745/931/1858 727/932/1811 726/930/1859
f 727/932/1860 745/931/1858 746/933/1861
f 746/933/1861 728/934/1862 727/932/1811
f 728/934/1863 746/933/1861 747/935/1864
f 747/935/1865 729/936/1866 728/934/1862
f 729/936/1867 747/935/1868 748/937/1869
f 748/937/1869 730/938/1822 729/936/1870
f 730/938/1871 748/937/1869 749/939/1872
f 749/939/1872 731/940/1830 730/938/1822
f 731/940/1830 749/939/1872 732/904/1833
f 732/904/1833 714/903/1768 731/940/1830
f 732/904/1833 750/941/1873 751/942/1874
f 751/942/1874 733/905/1834 732/904/1833
f 733/905/1875 751/942/1876 752/943/1877
f 752/943/1877 734/907/1878 733/905/1879
f 734/907/1880 752/943/1881 753/944/1882
f 753/944/1882 735/909/1837 734/907/1880
f 735/909/1883 753/944/1884 754/945/1885
f 754/945/1885 736/911/1840 735/909/1886
f 736/911/1840 754/945/1887 755/946/1888
f 755/946/1888 737/913/1889 736/911/1840
f 737/913/1890 755/946/1888 756/947/1891
f 756/947/1891 738/915/1892 737/913/1890
f 738/915/1893 756/947/1894 757/948/1895
f 757/948/1895 739/917/1896 738/915/1845
f 739/917/1896 757/948/1897 758/949/1898
f 758/949/1898 740/919/1899 739/917/1900
f 740/919/1901 758/949/1902 759/950/1903
f 759/950/1904 741/921/1849 740/919/1848
f 741/924/1905 759/951/1904 760/952/1906
f 760/952/1906 742/925/1850 741/924/1849
f 742/925/1907 760/952/1908 761/953/1909
f 761/953/1909 743/927/1910 742/925/1911
f 743/927/1912 761/953/1913 762/954/1914
f 762/954/1914 744/929/1854 743/927/1851
f 744/929/1915 762/954/1916 763/955/1917
f 763/955/1917 745/931/1918 744/929/1915
f 745/931/1919 763/955/1920 764/956/1921
f 764/956/1921 746/933/1861 745/931/1922
f 746/933/1861 764/956/1923 765/957/1924
f 765/957/1924 747/935/1925 746/933/1861
f 747/935/1926 765/957/1927 766/958/1928
f 766/958/1928 748/937/1929 747/935/1868
f 748/937/1930 766/958/1931 767/959/1932
f 767/959/1932 749/939/1933 748/937/1934
f 749/939/1935 767/959/1936 750/941/1937
f 750/941/1873 732/904/1833 749/939/1872
f 750/941/1873 768/960/1938 769/961/1939
f 769/961/1939 751/942/1874 750/941/1940
f 751/942/1874 769/961/1939 770/962/1941
f 770/962/1941 752/943/1877 751/942/1876
f 752/943/1881 770/962/1942 771/963/1943
f 771/963/1943 753/944/1882 752/943/1881
f 753/944/1944 771/963/1945 772/964/1946
f 772/964/1946 754/945/1885 753/944/1884
f 754/945/1887 772/964/1947 773/965/1948
f 773/965/1948 755/946/1949 754/945/1887
f 755/946/1950 773/965/1951 774/966/1952
f 774/966/1952 756/947/1891 755/946/1950
f 756/947/1953 774/966/1952 775/967/1954
f 775/967/1954 757/948/1895 756/947/1955
f 757/948/1956 775/967/1957 776/968/1958
f 776/968/1959 758/949/1960 757/948/1956
f 758/949/1960 776/968/1958 777/969/1961
f 777/969/1961 759/950/1962 758/949/1902
f 759/951/1904 777/970/1961 778/971/1963
f 778/971/1964 760/952/1965 759/951/1966
f 760/952/1965 778/971/1963 779/972/1967
f 779/972/1967 761/953/1968 760/952/1969
f 761/953/1913 779/972/1970 780/973/1971
f 780/973/1971 762/954/1972 761/953/1913
f 762/954/1916 780/973/1971 781/974/1973
f 781/974/1973 763/955/1974 762/954/1916
f 763/955/1975 781/974/1976 782/975/1977
f 782/975/1978 764/956/1979 763/955/1975
f 764/956/1980 782/975/1978 783/976/1981
f 783/976/1981 765/957/1927 764/956/1980
f 765/957/1982 783/976/1983 784/977/1984
f 784/977/1985 766/958/1928 765/957/1982
f 766/958/1986 784/977/1987 785/978/1988
f 785/978/1988 767/959/1989 766/958/1986
f 767/959/1989 785/978/1988 768/960/1938
f 768/960/1990 750/941/1873 767/959/1989
f 768/960/1991 786/979/1992 787/980/1993
f 787/980/1993 769/961/1994 768/960/1990
f 769/961/1939 787/980/1993 788/981/1995
f 788/981/1995 770/962/1941 769/961/1939
f 770/962/1996 788/981/1995 789/982/1997
f 789/982/1997 771/963/1943 770/962/1996
f 771/963/1945 789/982/1998 790/983/1999
f 790/983/1999 772/964/1946 771/963/1945
f 772/964/2000 790/983/1999 791/984/2001
f 791/984/2001 773/965/2002 772/964/2000
f 773/965/1951 791/984/2003 792/985/2004
f 792/985/2004 774/966/1952 773/965/1951
f 774/966/2005 792/985/2004 793/986/2006
f 793/986/2006 775/967/1954 774/966/2005
f 775/967/1957 793/986/2007 794/987/2008
f 794/987/2008 776/968/1959 775/967/1957
f 776/968/2009 794/987/2008 795/988/2010
f 795/988/2011 777/969/2012 776/968/2009
f 777/970/2013 795/989/2010 796/990/2014
f 796/990/2014 778/971/2015 777/970/2016
f 778/971/1964 796/990/2014 797/991/2017
f 797/991/2017 779/972/1967 778/971/1964
f 779/972/1970 797/991/2018 798/992/2019
f 798/992/2019 780/973/2020 779/972/1970
f 780/973/1971 798/992/2019 799/993/2021
f 799/993/2021 781/974/1973 780/973/1971
f 781/974/2022 799/993/2023 800/994/2024
f 800/994/2024 782/975/2025 781/974/2022
f 782/975/1978 800/994/2024 801/995/2026
f 801/995/2027 783/976/1981 782/975/1978
f 783/976/1983 801/995/2028 802/996/2029
f 802/996/2029 784/977/1985 783/976/1983
f 784/977/2030 802/996/2029 803/997/2031
f 803/997/2032 785/978/1988 784/977/2030
f 785/978/2033 803/997/2031 786/979/1992
f 786/979/1992 768/960/2034 785/978/2033
f 804/998/2035 805/999/2036 787/980/1993
f 787/980/1993 786/979/1992 804/998/2035
f 805/999/2037 806/1000/2038 788/981/2039
f 788/981/2039 787/980/2040 805/999/2037
f 806/1000/2041 807/1001/2042 789/982/1997
f 789/982/1997 788/981/2043 806/1000/2041
f 807/1001/2044 808/1002/2045 790/983/1999
f 790/983/1999 789/982/2046 807/1001/2044
f 808/1002/2047 809/1003/2048 791/984/2049
f 791/984/2049 790/983/1999 808/1002/2050
f 809/1003/2051 810/1004/2052 792/985/2053
f 792/985/2053 791/984/2003 809/1003/2051
f 810/1004/2054 811/1005/2055 793/986/2056
f 793/986/2056 792/985/2004 810/1004/2054
f 811/1005/2055 812/1006/2057 794/987/2058
f 794/987/2058 793/986/2007 811/1005/2055
f 812/1006/2059 813/1007/2060 795/988/2061
f 795/988/2011 794/987/2058 812/1006/2059
f 813/1008/2062 814/1009/2063 796/990/2064
f 796/990/2064 795/989/2011 813/1008/2065
f 814/1009/2066 815/1010/2067 797/991/2017
f 797/991/2017 796/990/2064 814/1009/2066
f 815/1010/2067 816/1011/2068 798/992/2019
f 798/992/2019 797/991/2069 815/1010/2067
f 816/1011/2070 817/1012/2071 799/993/2021
f 799/993/2021 798/992/2072 816/1011/2070
f 817/1012/2073 818/1013/2074 800/994/2024
f 800/994/2024 799/993/2075 817/1012/2073
f 818/1013/2076 819/1014/2077 801/995/2027
f 801/995/2027 800/994/2024 818/1013/2076
f 819/1014/2078 820/1015/2079 802/996/2080
f 802/996/2080 801/995/2028 819/1014/2081
f 820/1015/2079 821/1016/2082 803/997/2032
f 803/997/2032 802/996/2083 820/1015/2084
f 821/1016/2085 804/998/2086 786/979/1992
f 786/979/1992 803/997/2031 821/1016/2085
f 822/1017/2087 823/1018/2088 805/999/2036
f 805/999/2036 804/998/2086 822/1017/2087
f 823/1018/2088 824/1019/2089 806/1000/2041
f 806/1000/2041 805/999/2090 823/1018/2088
f 824/1019/2091 825/1020/2092 807/1001/2093
f 807/1001/2093 806/1000/2041 824/1019/2091
f 825/1020/2094 826/1021/2095 808/1002/2096
f 808/1002/2096 807/1001/2093 825/1020/2094
f 826/1021/2095 827/1022/2097 809/1003/2098
f 809/1003/2098 808/1002/2099 826/1021/2095
f 827/1022/2100 828/1023/2101 810/1004/2102
f 810/1004/2102 809/1003/2103 827/1022/2100
f 828/1023/2104 829/1024/2105 811/1005/2106
f 811/1005/2106 810/1004/2054 828/1023/2104
f 829/1024/2107 830/1025/2108 812/1006/2057
f 812/1006/2057 811/1005/2109 829/1024/2107
f 830/1025/2108 831/1026/2110 813/1007/2111
f 813/1007/2111 812/1006/2057 830/1025/2108
f 831/1027/2110 832/1028/2112 814/1009/2063
f 814/1009/2063 813/1008/2111 831/1027/2110
f 832/1028/2112 833/1029/2113 815/1010/2067
f 815/1010/2067 814/1009/2066 832/1028/2112
f 833/1029/2114 834/1030/2115 816/1011/2068
f 816/1011/2068 815/1010/2116 833/1029/2114
f 834/1030/2117 835/1031/2118 817/1012/2119
f 817/1012/2119 816/1011/2120 834/1030/2117
f 835/1031/2121 836/1032/2122 818/1013/2123
f 818/1013/2123 817/1012/2124 835/1031/2121
f 836/1032/2122 837/1033/2125 819/1014/2126
f 819/1014/2126 818/1013/2127 836/1032/2122
f 837/1033/2128 838/1034/2129 820/1015/2079
f 820/1015/2079 819/1014/2126 837/1033/2128
f 838/1034/2130 839/1035/2131 821/1016/2082
f 821/1016/2082 820/1015/2079 838/1034/2132
f 839/1035/2131 822/1017/2087 804/998/2086
f 804/998/2086 821/1016/2133 839/1035/2131
usemtl 05_-_Default
f 848/1036/2134 840/1037/2135 823/1038/2136
f 848/1036/2137 823/1038/2138 822/1039/2139
f 848/1036/2140 822/1039/2141 839/1040/2142
f 824/1041/2143 823/1038/2144 840/1037/2145
f 824/1041/2146 840/1037/2135 841/1042/2147
f 824/1041/2146 841/1042/2147 825/1043/2148
f 826/1044/2149 825/1043/2150 841/1042/2151
f 826/1044/2149 841/1042/2151 842/1045/2152
f 826/1044/2153 842/1045/2152 827/1046/2154
f 828/1047/2155 827/1046/2156 842/1045/2157
f 828/1047/2155 842/1045/2157 843/1048/2158
f 828/1047/2155 843/1048/2158 829/1049/2159
f 830/1050/2160 829/1049/2161 843/1048/2162
f 830/1050/2160 843/1048/2162 844/1051/2163
f 830/1050/2164 844/1051/2163 831/1052/2165
f 832/1053/2166 831/1054/2167 844/1055/2163
f 832/1053/2168 844/1055/2163 845/1056/2169
f 832/1053/2168 845/1056/2169 833/1057/2170
f 834/1058/2171 833/1057/2172 845/1056/2173
f 834/1058/2171 845/1056/2173 846/1059/2174
f 834/1058/2171 846/1059/2175 835/1060/2176
f 836/1061/2177 835/1060/2178 846/1059/2179
f 836/1061/2180 846/1059/2179 847/1062/2181
f 836/1061/2180 847/1062/2182 837/1063/2183
f 838/1064/2184 837/1063/2185 847/1062/2186
f 838/1064/2187 847/1062/2186 848/1036/2188
f 838/1064/2187 848/1036/2188 839/1040/2189
usemtl 03_-_Default
f 857/1065/2190 849/1066/2191 840/1067/2191
f 840/1067/2191 848/1068/2190 857/1065/2190
f 849/1066/2191 850/1069/2192 841/1070/2192
f 841/1070/2192 840/1067/2191 849/1066/2191
f 850/1069/2192 851/1071/2193 842/1072/2193
f 842/1072/2193 841/1070/2192 850/1069/2192
f 851/1071/2194 852/1073/2195 843/1074/2195
f 843/1074/2195 842/1072/2194 851/1071/2194
f 852/1073/2196 853/1075/2197 844/1076/2197
f 844/1076/2197 843/1074/2196 852/1073/2196
f 853/1075/2197 854/1077/2198 845/1078/2198
f 845/1078/2198 844/1076/2197 853/1075/2197
f 854/1077/2199 855/1079/2200 846/1080/2200
f 846/1080/2200 845/1078/2199 854/1077/2199
f 855/1079/2201 856/1081/2202 847/1082/2202
f 847/1082/2202 846/1080/2201 855/1079/2201
f 856/1081/2202 857/1065/2190 848/1068/2190
f 848/1068/2190 847/1082/2202 856/1081/2202
f 852/1073/2203 851/1071/2203 850/1069/2203
f 849/1066/2203 857/1065/2203 856/1081/2203
f 850/1069/2203 849/1066/2203 856/1081/2203
f 856/1081/2203 855/1079/2203 854/1077/2203
f 850/1069/2203 856/1081/2203 854/1077/2203
f 852/1073/2203 850/1069/2203 854/1077/2203
f 852/1073/2203 854/1077/2203 853/1075/2203
o enchufe_cable_00
v -0.111595 0.112798 -1.201556
v -0.124797 0.069223 -1.200024
v -0.039439 0.055995 -1.201596
v -0.026237 0.099570 -1.203128
v -0.118258 0.104622 -1.490792
v -0.131424 0.061008 -1.490687
v -0.045800 0.048025 -1.483589
v -0.032634 0.091640 -1.483695
v -0.072032 0.098480 -1.744662
v -0.084580 0.054789 -1.747721
v -0.002441 0.042274 -1.721282
v 0.010107 0.085965 -1.718223
v 0.028175 0.094495 -1.959489
v 0.017272 0.050739 -1.966005
v 0.089545 0.038618 -1.918351
v 0.100448 0.082373 -1.911836
v 0.182417 0.092746 -2.133299
v 0.174503 0.048963 -2.143213
v 0.230106 0.036978 -2.076771
v 0.238019 0.080760 -2.066857
v 0.405192 0.098055 -2.268816
v 0.400863 0.054356 -2.280982
v 0.437619 0.041935 -2.203145
v 0.441949 0.085633 -2.190979
v 0.689350 0.108675 -2.365319
v 0.687406 0.065056 -2.378295
v 0.708278 0.052102 -2.295086
v 0.710222 0.095720 -2.282110
v 1.003268 0.115050 -2.414629
v 1.002316 0.071441 -2.427730
v 1.007948 0.058229 -2.342115
v 1.008899 0.101838 -2.329015
v 1.314719 0.107548 -2.407238
v 1.313862 0.063929 -2.420316
v 1.303094 0.051145 -2.335083
v 1.303951 0.094764 -2.322004
v 1.637539 0.079515 -2.337842
v 1.636765 0.035898 -2.350945
v 1.611938 0.024305 -2.268764
v 1.612712 0.067922 -2.255661
v 1.980501 0.037676 -2.213300
v 1.980489 -0.006029 -2.226137
v 1.944245 -0.016257 -2.148101
v 1.944257 0.027447 -2.135264
v 2.302598 -0.008019 -2.040353
v 2.304201 -0.051949 -2.052302
v 2.254998 -0.060367 -1.981193
v 2.253395 -0.016437 -1.969244
v 2.561398 -0.047562 -1.825097
v 2.565271 -0.091838 -1.835093
v 2.500602 -0.097903 -1.776781
v 2.496729 -0.053627 -1.766786
v 2.755348 -0.080100 -1.545084
v 2.760911 -0.124661 -1.552726
v 2.684964 -0.128814 -1.510792
v 2.679401 -0.084254 -1.503150
v 2.902897 -0.110192 -1.207127
v 2.909287 -0.154922 -1.212900
v 2.827085 -0.157791 -1.185325
v 2.820695 -0.113060 -1.179553
v 2.988528 -0.135619 -0.858479
v 2.995353 -0.180486 -0.862327
v 2.909099 -0.182147 -0.851120
v 2.902274 -0.137280 -0.847272
v 2.995005 -0.154085 -0.545151
v 3.001766 -0.199110 -0.545948
v 2.914860 -0.199278 -0.560157
v 2.908099 -0.154253 -0.559360
v 2.892940 -0.161062 -0.260499
v 2.898617 -0.206183 -0.257983
v 2.821155 -0.205726 -0.298274
v 2.815478 -0.160606 -0.300790
v 2.701972 -0.159067 0.009564
v 2.706398 -0.204188 0.013908
v 2.640715 -0.203816 -0.042941
v 2.636288 -0.158695 -0.047286
v 2.469225 -0.155549 0.230539
v 2.472916 -0.200663 0.235518
v 2.420491 -0.200434 0.166061
v 2.416800 -0.155319 0.161081
v 2.236799 -0.157934 0.368146
v 2.239868 -0.203036 0.373227
v 2.212460 -0.202489 0.288734
v 2.209390 -0.157387 0.283653
v 1.988309 -0.170331 0.391177
v 1.990501 -0.215483 0.396504
v 1.996673 -0.213352 0.309006
v 1.994481 -0.168199 0.303679
v 1.718569 -0.187610 0.326004
v 1.719765 -0.232838 0.331202
v 1.748620 -0.229286 0.249277
v 1.747424 -0.184058 0.244080
v 1.476784 -0.204678 0.210478
v 1.477035 -0.249969 0.215213
v 1.523110 -0.245211 0.141498
v 1.522859 -0.199920 0.136763
v 1.308528 -0.216878 0.075347
v 1.307357 -0.262225 0.078557
v 1.378592 -0.255609 0.024717
v 1.379763 -0.210261 0.021507
v 1.236676 -0.221223 -0.096934
v 1.234416 -0.266662 -0.095973
v 1.320606 -0.259143 -0.113641
v 1.322866 -0.213704 -0.114603
v 1.235402 -0.220742 -0.305656
v 1.233023 -0.266207 -0.306263
v 1.319275 -0.258749 -0.295269
v 1.321653 -0.213283 -0.294662
v 1.289625 -0.218447 -0.510326
v 1.287495 -0.263903 -0.511704
v 1.367520 -0.256666 -0.477145
v 1.369650 -0.211210 -0.475767
v 1.390087 -0.217079 -0.672701
v 1.388167 -0.262525 -0.674158
v 1.452441 -0.255408 -0.614003
v 1.454360 -0.209961 -0.612546
v 1.555713 -0.220732 -0.790730
v 1.553701 -0.266198 -0.792333
v 1.595780 -0.258671 -0.716513
v 1.597792 -0.213205 -0.714911
v 1.778471 -0.226686 -0.882169
v 1.777184 -0.272169 -0.884120
v 1.801864 -0.264244 -0.801164
v 1.803151 -0.218761 -0.799213
v 2.018296 -0.227881 -0.927374
v 2.019282 -0.273352 -0.929695
v 2.022032 -0.265354 -0.842518
v 2.021046 -0.219884 -0.840196
v 2.233181 -0.216794 -0.901834
v 2.238531 -0.262002 -0.903543
v 2.209568 -0.255693 -0.820007
v 2.204218 -0.210485 -0.818298
v 2.425783 -0.184313 -0.787131
v 2.434770 -0.228966 -0.786883
v 2.381329 -0.226793 -0.718131
v 2.372342 -0.182140 -0.718379
v 2.611616 -0.137787 -0.604125
v 2.621918 -0.182119 -0.602555
v 2.554730 -0.183314 -0.547373
v 2.544428 -0.138982 -0.548944
v 2.760068 -0.092040 -0.376429
v 2.770575 -0.136295 -0.374385
v 2.691778 -0.140974 -0.336926
v 2.681271 -0.096718 -0.338970
v 2.835510 -0.062749 -0.129033
v 2.845944 -0.107019 -0.127079
v 2.759493 -0.114638 -0.114605
v 2.749059 -0.070367 -0.116559
v 2.829853 -0.053260 0.128908
v 2.840389 -0.097519 0.130925
v 2.754532 -0.106049 0.119943
v 2.743995 -0.061790 0.117926
v 2.762868 -0.055421 0.407682
v 2.773366 -0.099682 0.409992
v 2.691425 -0.108090 0.382834
v 2.680927 -0.063829 0.380524
v 2.635661 -0.068916 0.708795
v 2.646088 -0.113186 0.711321
v 2.569067 -0.121076 0.672562
v 2.558640 -0.076807 0.670036
v 2.460942 -0.107519 1.036440
v 2.448406 -0.150047 1.025971
v 2.374749 -0.131233 0.984934
v 2.387285 -0.088706 0.995402
v -0.124816 0.099570 -1.200881
v -0.111559 0.055995 -1.199952
v -0.026218 0.069223 -1.202271
v -0.039476 0.112798 -1.203201
v -0.131442 0.091356 -1.491484
v -0.118224 0.047817 -1.489299
v -0.032616 0.061291 -1.482897
v -0.045834 0.104830 -1.485083
v -0.084623 0.085140 -1.748387
v -0.071953 0.041668 -1.743416
v 0.010149 0.055614 -1.717557
v -0.002520 0.099085 -1.722528
v 0.017162 0.081093 -1.966526
v 0.028381 0.037678 -1.958515
v 0.100558 0.052019 -1.911315
v 0.089339 0.095435 -1.919326
v 0.174107 0.079323 -2.143381
v 0.183157 0.035922 -2.132984
v 0.238415 0.050401 -2.066688
v 0.229365 0.093802 -2.077086
v 0.399979 0.084703 -2.280859
v 0.406847 0.041253 -2.269045
v 0.442833 0.055287 -2.191102
v 0.435965 0.098737 -2.202915
v 0.686556 0.095405 -2.378207
v 0.690941 0.051870 -2.365484
v 0.711072 0.065372 -2.282198
v 0.706687 0.108906 -2.294921
v 1.002371 0.101813 -2.427802
v 1.003165 0.058211 -2.414494
v 1.008844 0.071466 -2.328942
v 1.008050 0.115068 -2.342250
v 1.315538 0.094269 -2.420361
v 1.311584 0.050782 -2.407155
v 1.302276 0.064424 -2.321960
v 1.306229 0.107911 -2.335166
v 1.639833 0.066107 -2.350681
v 1.631796 0.022976 -2.338337
v 1.609643 0.037713 -2.255925
v 1.617680 0.080844 -2.268269
v 1.984223 0.024096 -2.225620
v 1.973511 -0.018711 -2.214267
v 1.940523 -0.002678 -2.135781
v 1.951235 0.040130 -2.147134
v 2.308179 -0.021860 -2.051644
v 2.295151 -0.064341 -2.041586
v 2.249417 -0.046526 -1.969902
v 2.262445 -0.004045 -1.979960
v 2.569294 -0.061756 -1.834393
v 2.553867 -0.103870 -1.826407
v 2.492706 -0.083709 -1.767485
v 2.508133 -0.041595 -1.775471
v 2.765000 -0.094589 -1.551943
v 2.747695 -0.136389 -1.546550
v 2.675312 -0.114326 -1.503933
v 2.692617 -0.072526 -1.509326
v 2.913477 -0.124871 -1.211891
v 2.895054 -0.166442 -1.209015
v 2.816504 -0.143112 -1.180561
v 2.834928 -0.101540 -1.183437
v 2.999645 -0.150464 -0.860915
v 2.980492 -0.191814 -0.861123
v 2.897981 -0.167302 -0.848684
v 2.917135 -0.125953 -0.848476
v 3.006062 -0.169119 -0.543979
v 2.986965 -0.210220 -0.548836
v 2.903803 -0.184244 -0.561329
v 2.922899 -0.143143 -0.556472
v 2.902744 -0.176204 -0.255546
v 2.885215 -0.217176 -0.265062
v 2.811351 -0.190585 -0.303228
v 2.828880 -0.149612 -0.293712
v 2.710190 -0.174206 0.016849
v 2.694874 -0.215183 0.004060
v 2.632496 -0.188677 -0.050226
v 2.647812 -0.147700 -0.037438
v 2.475830 -0.170663 0.239320
v 2.463772 -0.211684 0.223426
v 2.413886 -0.185319 0.157280
v 2.425944 -0.144298 0.173174
v 2.240580 -0.173026 0.378341
v 2.235469 -0.214026 0.358587
v 2.208679 -0.187397 0.278539
v 2.213789 -0.146396 0.298292
v 1.988414 -0.185636 0.401853
v 1.992214 -0.226168 0.381170
v 1.996568 -0.198047 0.298330
v 1.992769 -0.157514 0.319013
v 1.716011 -0.203108 0.336142
v 1.725594 -0.243249 0.316758
v 1.751178 -0.213788 0.239139
v 1.741594 -0.173647 0.258523
v 1.472151 -0.220318 0.219609
v 1.485924 -0.260169 0.202251
v 1.527743 -0.229571 0.132367
v 1.529480 -0.189720 0.211762
v 1.301032 -0.232661 0.081788
v 1.320358 -0.272176 0.069304
v 1.386088 -0.239826 0.018276
v 1.366762 -0.200310 0.030760
v 1.227211 -0.237159 -0.094828
v 1.250154 -0.276418 -0.099077
v 1.330070 -0.243207 -0.115748
v 1.307128 -0.203948 -0.111499
v 1.225795 -0.236708 -0.306982
v 1.248928 -0.275939 -0.304310
v 1.328882 -0.242782 -0.293943
v 1.305749 -0.203551 -0.296615
v 1.280752 -0.234378 -0.514311
v 1.302239 -0.273679 -0.505450
v 1.376393 -0.240735 -0.473160
v 1.354906 -0.201434 -0.482022
v 1.382944 -0.232956 -0.679273
v 1.399849 -0.272341 -0.663141
v 1.459584 -0.239531 -0.607431
v 1.442679 -0.200145 -0.623563
v 1.550730 -0.236710 -0.799032
v 1.561273 -0.275906 -0.778195
v 1.600763 -0.242693 -0.708211
v 1.590221 -0.203497 -0.729049
v 1.775510 -0.242719 -0.891327
v 1.781604 -0.281805 -0.868680
v 1.804825 -0.248211 -0.792006
v 1.798732 -0.209126 -0.814653
v 2.018346 -0.243902 -0.937020
v 2.020048 -0.283003 -0.913663
v 2.021982 -0.249334 -0.832871
v 2.020280 -0.210233 -0.856228
v 2.237880 -0.232532 -0.910803
v 2.234399 -0.271956 -0.888242
v 2.204869 -0.239955 -0.811037
v 2.208350 -0.200531 -0.833598
v 2.434257 -0.199477 -0.794080
v 2.426745 -0.239510 -0.773659
v 2.372856 -0.211629 -0.711182
v 2.380367 -0.171596 -0.731603
v 2.621950 -0.152498 -0.609256
v 2.611557 -0.193222 -0.591585
v 2.544397 -0.168603 -0.542243
v 2.554789 -0.127879 -0.559914
v 2.771625 -0.106352 -0.379571
v 2.758104 -0.148046 -0.366729
v 2.680221 -0.126661 -0.333785
v 2.693742 -0.084968 -0.346626
v 2.847796 -0.076757 -0.129651
v 2.832047 -0.119333 -0.124225
v 2.747207 -0.100629 -0.113988
v 2.762956 -0.058053 -0.119413
v 2.842177 -0.067191 0.130709
v 2.826507 -0.110008 0.129314
v 2.742208 -0.092118 0.118143
v 2.757877 -0.049301 0.119537
v 2.774800 -0.069370 0.411245
v 2.760184 -0.112148 0.405337
v 2.679492 -0.094141 0.379271
v 2.694109 -0.051363 0.385180
v 2.647077 -0.082924 0.713629
v 2.633810 -0.125554 0.704476
v 2.557652 -0.107069 0.667728
v 2.570919 -0.064438 0.676881
v 2.449799 -0.093470 1.031085
v 2.460198 -0.137746 1.033708
v 2.385893 -0.145283 0.990289
v 2.375494 -0.101007 0.987666
v 1.824132 -0.273786 1.501412
v 2.133992 -0.273786 1.724543
v 1.929500 -0.256428 1.355088
v 2.239360 -0.256428 1.578219
v 1.815248 -0.115854 1.513749
v 2.125108 -0.115854 1.736880
v 1.920616 -0.098496 1.367426
v 2.230476 -0.098496 1.590556
v 2.154768 -0.194820 1.748871
v 1.794472 -0.194820 1.489421
v 2.260136 -0.177462 1.602548
v 1.899840 -0.177462 1.343097
v 2.359863 -0.156253 1.006562
v 2.434616 -0.156253 1.060391
v 2.356412 -0.094906 1.011354
v 2.431165 -0.094906 1.065183
v 2.438974 -0.125579 1.067168
v 2.352054 -0.125579 1.004577
v 2.058040 -0.228385 1.283015
v 2.174331 -0.199823 1.202183
v 2.274987 -0.173758 1.109796
v 2.266961 -0.228385 1.433460
v 2.306754 -0.199823 1.297541
v 2.362461 -0.173758 1.172786
v 2.050848 -0.100539 1.293002
v 2.168890 -0.103100 1.209739
v 2.271016 -0.103165 1.115311
v 2.259769 -0.100539 1.443447
v 2.301313 -0.103100 1.305097
v 2.358490 -0.103165 1.178301
v 2.278847 -0.164462 1.449602
v 2.314811 -0.151462 1.309080
v 2.367595 -0.138461 1.180670
v 2.038963 -0.164462 1.276860
v 2.160833 -0.151462 1.198200
v 2.265178 -0.141976 1.108408
v 2.396376 -0.181542 0.982118
v 2.473089 -0.155199 1.040484
v 2.439510 -0.062228 1.027333
v 2.362797 -0.088570 0.968966
v 2.423793 -0.185236 1.049160
v 2.450661 -0.158894 1.071632
v 2.344115 -0.158894 0.994908
v 2.373947 -0.185236 1.013265
v 2.367235 -0.065923 1.022585
v 2.340367 -0.092265 1.000113
v 2.446913 -0.092265 1.076837
v 2.417081 -0.065923 1.058480
v 2.366545 -0.155201 0.963761
v 2.446221 -0.181541 1.018011
v 2.469342 -0.088569 1.045689
v 2.389665 -0.062228 0.991439
v 1.722481 -0.225083 1.800748
v 1.726895 -0.207123 1.796235
v 1.711960 -0.200086 1.787447
v 1.697827 -0.207298 1.777544
v 1.692774 -0.224534 1.772330
v 1.699762 -0.241698 1.774857
v 1.714697 -0.248735 1.783646
v 1.719190 -0.236309 1.797351
v 1.785574 -0.214501 1.710720
v 1.779755 -0.200209 1.708615
v 1.767319 -0.194349 1.701297
v 1.755550 -0.200355 1.693052
v 1.751343 -0.214707 1.688709
v 1.757161 -0.228999 1.690814
v 1.769598 -0.234859 1.698132
v 1.781366 -0.228854 1.706378
v 1.785963 -0.215023 1.717679
v 1.778975 -0.197859 1.715152
v 1.764040 -0.190822 1.706363
v 1.749907 -0.198034 1.696462
v 1.744854 -0.215270 1.691247
v 1.751842 -0.232434 1.693774
v 1.766777 -0.239471 1.702563
v 1.780910 -0.232259 1.712465
v 1.733883 -0.224286 1.798762
v 1.717929 -0.213904 1.799102
v 1.708202 -0.209321 1.793378
v 1.698997 -0.214018 1.786928
v 1.695706 -0.225244 1.783532
v 1.700258 -0.236423 1.785178
v 1.709985 -0.241006 1.790902
v 1.728830 -0.241523 1.793548
v 1.856050 -0.186638 1.589831
v 1.843614 -0.180778 1.582513
v 1.831845 -0.186784 1.574268
v 1.827638 -0.201136 1.569925
v 1.833457 -0.215429 1.572030
v 1.845893 -0.221288 1.579348
v 1.857662 -0.215283 1.587593
v 1.861869 -0.200930 1.591935
v 1.933455 -0.188788 1.488049
v 1.926467 -0.171624 1.485522
v 1.911532 -0.164587 1.476733
v 1.897398 -0.171799 1.466831
v 1.892346 -0.189035 1.461617
v 1.899333 -0.206199 1.464144
v 1.914268 -0.213236 1.472933
v 1.928402 -0.206024 1.482835
v 1.860389 -0.183378 1.588399
v 1.867377 -0.200542 1.590926
v 1.862324 -0.217778 1.585712
v 1.848190 -0.224990 1.575810
v 1.833256 -0.217953 1.567021
v 1.826268 -0.200789 1.564494
v 1.831320 -0.183553 1.569708
v 1.845454 -0.176341 1.579610
v 1.906998 -0.225229 1.935486
v 1.911937 -0.207280 1.931502
v 1.897931 -0.200089 1.921406
v 1.884727 -0.207147 1.910197
v 1.880059 -0.224319 1.904441
v 1.886662 -0.241547 1.907510
v 1.900668 -0.248738 1.917606
v 1.903958 -0.236413 1.931737
v 1.978240 -0.214680 1.851754
v 1.972741 -0.200335 1.849199
v 1.961078 -0.194347 1.840792
v 1.950083 -0.200224 1.831458
v 1.946196 -0.214523 1.826665
v 1.951694 -0.228868 1.829221
v 1.963357 -0.234857 1.837628
v 1.974353 -0.228980 1.846961
v 1.977978 -0.215239 1.858717
v 1.971375 -0.198011 1.855648
v 1.957369 -0.190820 1.845552
v 1.944164 -0.197878 1.834343
v 1.939496 -0.215050 1.828587
v 1.946099 -0.232278 1.831656
v 1.960105 -0.239469 1.841752
v 1.973310 -0.232411 1.852961
v 1.918540 -0.224508 1.934571
v 1.902697 -0.214008 1.933488
v 1.893575 -0.209324 1.926912
v 1.884975 -0.213921 1.919611
v 1.881934 -0.225106 1.915862
v 1.886235 -0.236326 1.917861
v 1.895357 -0.241010 1.924437
v 1.913872 -0.241680 1.928815
v 2.059815 -0.186756 1.738075
v 2.048153 -0.180768 1.729668
v 2.037158 -0.186645 1.720334
v 2.033270 -0.200944 1.715541
v 2.038769 -0.215290 1.718097
v 2.050431 -0.221278 1.726504
v 2.061427 -0.215401 1.735837
v 2.065314 -0.201101 1.740631
v 2.146307 -0.188988 1.643896
v 2.139704 -0.171761 1.640827
v 2.125698 -0.164570 1.630731
v 2.112494 -0.171627 1.619522
v 2.107826 -0.188800 1.613766
v 2.114429 -0.206027 1.616834
v 2.128435 -0.213219 1.626930
v 2.141639 -0.206161 1.638140
v 2.064291 -0.183521 1.737069
v 2.070894 -0.200749 1.740138
v 2.066226 -0.217922 1.734382
v 2.053021 -0.224979 1.723173
v 2.039015 -0.217788 1.713077
v 2.032412 -0.200560 1.710008
v 2.037080 -0.183388 1.715764
v 2.050284 -0.176330 1.726973
vn -0.9239 0.3825 0.0104
vn -0.9249 0.3711 -0.0827
vn -0.9241 -0.3770 -0.0630
vn -0.9234 -0.3825 0.0318
vn -0.9239 0.3825 0.0103
vn -0.3820 -0.9235 0.0348
vn -0.4013 -0.9159 -0.0076
vn 0.3606 -0.9312 0.0529
vn 0.3831 -0.9235 0.0174
vn 0.9239 -0.3825 -0.0102
vn 0.9173 -0.3895 0.0826
vn 0.9172 0.3937 0.0620
vn 0.9172 0.3937 0.0621
vn 0.9234 0.3825 -0.0319
vn 0.3820 0.9235 -0.0348
vn 0.3595 0.9331 0.0039
vn -0.4030 0.9135 -0.0558
vn -0.4030 0.9135 -0.0557
vn -0.3831 0.9235 -0.0174
vn -0.9249 0.3712 -0.0827
vn -0.8852 0.3640 -0.2898
vn -0.8837 -0.3800 -0.2733
vn -0.3877 -0.9159 -0.1038
vn 0.3399 -0.9317 0.1283
vn 0.3399 -0.9316 0.1284
vn 0.9173 -0.3894 0.0827
vn 0.8761 -0.3871 0.2875
vn 0.8753 0.4009 0.2703
vn 0.9172 0.3936 0.0621
vn 0.9173 -0.3894 0.0826
vn 0.3595 0.9331 0.0040
vn 0.3373 0.9373 0.0874
vn -0.3911 0.9090 -0.1441
vn -0.7778 0.3585 -0.5162
vn -0.7747 -0.3829 -0.5032
vn -0.8837 -0.3800 -0.2734
vn -0.3406 -0.9164 -0.2102
vn 0.2975 -0.9315 0.2092
vn 0.3399 -0.9317 0.1284
vn 0.8761 -0.3871 0.2874
vn 0.7689 -0.3847 0.5107
vn 0.7663 0.4066 0.4974
vn 0.8753 0.4010 0.2703
vn 0.2906 0.9403 0.1770
vn -0.3480 0.9057 -0.2420
vn -0.3481 0.9057 -0.2420
vn 0.3373 0.9373 0.0873
vn -0.6009 0.3559 -0.7158
vn -0.5898 -0.3849 -0.7099
vn -0.5898 -0.3849 -0.7100
vn -0.3406 -0.9164 -0.2101
vn -0.2512 -0.9169 -0.3100
vn 0.2374 -0.9318 0.2747
vn 0.5932 -0.3867 0.7061
vn 0.5840 0.4055 0.7032
vn 0.7689 -0.3847 0.5108
vn 0.2124 0.9409 0.2637
vn -0.2779 0.9044 -0.3237
vn -0.2780 0.9044 -0.3237
vn -0.3481 0.9057 -0.2419
vn -0.6008 0.3559 -0.7158
vn -0.4036 0.3638 -0.8395
vn -0.3813 -0.3828 -0.8415
vn -0.3813 -0.3829 -0.8415
vn -0.6009 0.3558 -0.7158
vn -0.2513 -0.9169 -0.3100
vn -0.1442 -0.9179 -0.3696
vn 0.1792 -0.9297 0.3218
vn 0.1793 -0.9297 0.3218
vn 0.4004 -0.3855 0.8313
vn 0.3781 0.3990 0.8354
vn 0.3780 0.3989 0.8354
vn 0.5840 0.4055 0.7033
vn 0.1249 0.9359 0.3293
vn -0.1983 0.9099 -0.3643
vn -0.4035 0.3638 -0.8395
vn -0.2320 0.3735 -0.8981
vn -0.2113 -0.3771 -0.9017
vn -0.2113 -0.3771 -0.9018
vn -0.1442 -0.9179 -0.3697
vn -0.0703 -0.9171 -0.3924
vn 0.1133 -0.9293 0.3514
vn 0.1133 -0.9294 0.3514
vn 0.2312 -0.3850 0.8935
vn 0.2091 0.3952 0.8945
vn 0.2090 0.3952 0.8945
vn 0.1249 0.9359 0.3294
vn 0.0610 0.9323 0.3564
vn -0.1211 0.9150 -0.3847
vn -0.1211 0.9150 -0.3848
vn -0.1984 0.9099 -0.3643
vn 0.1250 0.9359 0.3293
vn -0.0603 0.3780 -0.9238
vn -0.0619 -0.3722 -0.9261
vn -0.2320 0.3735 -0.8982
vn -0.0283 -0.9155 -0.4013
vn 0.0223 -0.9305 0.3655
vn 0.0602 -0.3842 0.9213
vn 0.0613 0.3969 0.9158
vn 0.2312 -0.3849 0.8935
vn 0.0610 0.9323 0.3565
vn 0.0256 0.9325 0.3603
vn -0.0246 0.9166 -0.3989
vn -0.0246 0.9166 -0.3990
vn 0.1290 0.3739 -0.9184
vn 0.0884 -0.3746 -0.9230
vn -0.0029 -0.9154 -0.4024
vn -0.0939 -0.9274 0.3622
vn -0.0938 -0.9274 0.3622
vn -0.0284 -0.9155 -0.4013
vn 0.0601 -0.3842 0.9213
vn -0.1290 -0.3771 0.9171
vn -0.0853 0.4035 0.9110
vn -0.0854 0.4035 0.9110
vn 0.0090 0.9335 0.3586
vn 0.0970 0.9133 -0.3956
vn 0.1291 0.3739 -0.9184
vn 0.2921 0.3605 -0.8858
vn 0.2167 -0.3895 -0.8951
vn 0.2168 -0.3895 -0.8952
vn 0.0884 -0.3746 -0.9229
vn -0.0029 -0.9154 -0.4025
vn 0.0167 -0.9201 -0.3913
vn -0.1951 -0.9175 0.3467
vn -0.2920 -0.3655 0.8838
vn -0.2128 0.4076 0.8880
vn -0.1291 -0.3771 0.9171
vn 0.0091 0.9334 0.3586
vn -0.0069 0.9322 0.3618
vn 0.2010 0.9065 -0.3712
vn 0.4207 0.3435 -0.8397
vn 0.3286 -0.4040 -0.8537
vn 0.2168 -0.3895 -0.8951
vn 0.0168 -0.9201 -0.3914
vn 0.0482 -0.9238 -0.3798
vn -0.2631 -0.9100 0.3204
vn -0.4203 -0.3527 0.8360
vn -0.3241 0.4191 0.8481
vn -0.2921 -0.3655 0.8838
vn -0.0341 0.9355 0.3516
vn 0.2731 0.8974 -0.3466
vn 0.2011 0.9065 -0.3712
vn 0.4207 0.3435 -0.8396
vn 0.5616 0.3205 -0.7628
vn 0.4637 -0.4215 -0.7793
vn 0.0482 -0.9238 -0.3797
vn 0.1031 -0.9291 -0.3552
vn -0.3221 -0.9043 0.2804
vn -0.5600 -0.3372 0.7568
vn -0.4573 0.4389 0.7735
vn -0.4572 0.4389 0.7735
vn -0.0777 0.9440 0.3208
vn 0.3426 0.8851 -0.3150
vn 0.7263 0.2923 -0.6222
vn 0.6278 -0.4439 -0.6393
vn 0.6278 -0.4440 -0.6393
vn 0.4637 -0.4216 -0.7793
vn 0.1030 -0.9291 -0.3552
vn 0.1782 -0.9373 -0.2996
vn -0.3820 -0.8979 0.2189
vn 0.1030 -0.9291 -0.3553
vn -0.5601 -0.3372 0.7567
vn -0.7222 -0.3161 0.6152
vn -0.6177 0.4663 0.6333
vn -0.1341 0.9557 0.2620
vn 0.4199 0.8703 -0.2575
vn 0.3426 0.8851 -0.3151
vn -0.0776 0.9440 0.3208
vn 0.8514 0.2748 -0.4468
vn 0.7510 -0.4673 -0.4664
vn 0.6278 -0.4440 -0.6394
vn 0.1781 -0.9373 -0.2997
vn 0.2249 -0.9487 -0.2220
vn -0.4385 -0.8854 0.1543
vn -0.4384 -0.8854 0.1544
vn -0.3819 -0.8979 0.2189
vn -0.7223 -0.3161 0.6151
vn -0.8479 -0.2906 0.4433
vn -0.7421 0.4844 0.4633
vn -0.7421 0.4845 0.4633
vn -0.1342 0.9557 0.2620
vn -0.1873 0.9612 0.2024
vn 0.4706 0.8650 -0.1743
vn 0.4706 0.8649 -0.1744
vn 0.4200 0.8703 -0.2574
vn 0.9204 0.2619 -0.2903
vn 0.8176 -0.4817 -0.3154
vn 0.8176 -0.4817 -0.3155
vn 0.2493 -0.9549 -0.1614
vn -0.4705 -0.8780 0.0882
vn -0.4705 -0.8780 0.0883
vn -0.4385 -0.8854 0.1544
vn -0.8480 -0.2906 0.4433
vn -0.9173 -0.2750 0.2881
vn -0.8088 0.4974 0.3138
vn -0.7421 0.4844 0.4632
vn -0.2132 0.9654 0.1501
vn 0.5009 0.8597 -0.1000
vn 0.5009 0.8597 -0.1001
vn 0.9204 0.2618 -0.2902
vn 0.9627 0.2473 -0.1101
vn 0.8586 -0.4917 -0.1450
vn 0.2697 -0.9579 -0.0984
vn -0.4846 -0.8747 0.0059
vn -0.4846 -0.8747 0.0060
vn -0.9586 -0.2631 0.1084
vn -0.8462 0.5128 0.1448
vn -0.8463 0.5127 0.1448
vn -0.8088 0.4974 0.3137
vn -0.9173 -0.2750 0.2880
vn -0.2132 0.9654 0.1500
vn -0.2207 0.9709 0.0928
vn 0.5254 0.8508 -0.0130
vn 0.9627 0.2472 -0.1101
vn 0.9597 0.2263 0.1665
vn 0.8574 -0.5007 0.1189
vn 0.2833 -0.9590 0.0057
vn -0.4679 -0.8765 -0.1135
vn -0.4679 -0.8765 -0.1134
vn 0.2697 -0.9579 -0.0985
vn -0.9587 -0.2631 0.1084
vn -0.9525 -0.2552 -0.1663
vn -0.8381 0.5334 -0.1145
vn -0.8462 0.5128 0.1447
vn -0.9587 -0.2631 0.1083
vn -0.2208 0.9709 0.0928
vn -0.2032 0.9791 0.0081
vn 0.5362 0.8351 0.1230
vn 0.5362 0.8351 0.1229
vn -0.2207 0.9709 0.0929
vn 0.9597 0.2263 0.1664
vn 0.8641 0.2221 0.4517
vn 0.7643 -0.5116 0.3927
vn 0.7642 -0.5116 0.3927
vn 0.2368 -0.9649 0.1139
vn -0.4371 -0.8680 -0.2357
vn -0.9525 -0.2552 -0.1664
vn -0.8594 -0.2438 -0.4494
vn -0.7512 0.5359 -0.3855
vn -0.1829 0.9794 -0.0856
vn 0.4826 0.8366 0.2592
vn 0.7378 0.2266 0.6359
vn 0.6460 -0.5134 0.5649
vn 0.1874 -0.9669 0.1732
vn -0.3865 -0.8632 -0.3247
vn -0.7357 -0.2385 -0.6340
vn -0.6364 0.5338 -0.5568
vn -0.1830 0.9794 -0.0856
vn -0.1535 0.9776 -0.1439
vn 0.4131 0.8416 0.3479
vn 0.5868 0.2291 0.7767
vn 0.5180 -0.5093 0.6873
vn 0.5180 -0.5093 0.6872
vn 0.7377 0.2266 0.6359
vn 0.1561 -0.9654 0.2087
vn -0.3031 -0.8649 -0.4001
vn -0.7357 -0.2385 -0.6339
vn -0.5854 -0.2369 -0.7754
vn -0.5076 0.5372 -0.6736
vn -0.7356 -0.2385 -0.6340
vn -0.1241 0.9782 -0.1665
vn 0.3262 0.8417 0.4302
vn 0.5867 0.2290 0.7767
vn 0.2945 0.2195 0.9301
vn 0.2810 -0.5029 0.8174
vn 0.2810 -0.5028 0.8174
vn 0.1146 -0.9588 0.2598
vn -0.1246 -0.8743 -0.4692
vn -0.1245 -0.8743 -0.4692
vn -0.2933 -0.2336 -0.9271
vn -0.2717 0.5577 -0.7843
vn -0.5075 0.5372 -0.6736
vn -0.5853 -0.2369 -0.7754
vn -0.0833 0.9833 -0.1619
vn 0.1485 0.8291 0.5390
vn 0.2945 0.2194 0.9301
vn -0.0819 0.2043 0.9755
vn -0.0316 -0.5226 0.8520
vn -0.0316 -0.5225 0.8520
vn 0.0366 -0.9663 0.2549
vn 0.0853 -0.8585 -0.5057
vn -0.1246 -0.8742 -0.4692
vn 0.1147 -0.9588 0.2598
vn -0.2932 -0.2336 -0.9271
vn 0.0822 -0.2180 -0.9725
vn 0.0273 0.5610 -0.8274
vn 0.0273 0.5609 -0.8274
vn -0.0833 0.9833 -0.1618
vn -0.0433 0.9830 -0.1784
vn -0.0874 0.8230 0.5613
vn -0.3398 0.1911 0.9209
vn -0.2487 -0.5421 0.8027
vn -0.0160 -0.9733 0.2291
vn 0.2297 -0.8426 -0.4870
vn 0.2297 -0.8427 -0.4870
vn 0.0823 -0.2180 -0.9725
vn 0.3398 -0.2005 -0.9189
vn 0.2418 0.5657 -0.7884
vn 0.0274 0.5610 -0.8274
vn -0.0434 0.9830 -0.1784
vn -0.0011 0.9831 -0.1833
vn -0.2400 0.8194 0.5206
vn -0.2400 0.8194 0.5207
vn -0.3399 0.1911 0.9209
vn -0.5332 0.1764 0.8274
vn -0.4154 -0.5530 0.7223
vn -0.3398 0.1910 0.9209
vn -0.0622 -0.9758 0.2095
vn 0.3333 -0.8371 -0.4339
vn 0.2296 -0.8427 -0.4870
vn 0.5332 -0.1882 -0.8248
vn 0.4049 0.5780 -0.7085
vn 0.2419 0.5657 -0.7883
vn -0.1590 0.8913 0.4246
vn -0.0141 0.8754 0.4832
vn -0.4865 0.3749 0.7891
vn -0.3523 0.8102 0.4684
vn -0.7943 0.1497 0.5887
vn -0.6490 -0.5586 0.5165
vn -0.6491 -0.5586 0.5164
vn -0.4153 -0.5530 0.7223
vn -0.5332 0.1763 0.8274
vn -0.0623 -0.9758 0.2095
vn -0.1543 -0.9739 0.1664
vn 0.4478 -0.8447 -0.2931
vn 0.5331 -0.1882 -0.8248
vn 0.7912 -0.1770 -0.5854
vn 0.6184 0.6100 -0.4954
vn 0.6185 0.6100 -0.4954
vn 0.0665 0.9877 -0.1418
vn 0.0721 0.9935 -0.0878
vn -0.5511 0.7843 0.2849
vn -0.5984 0.6836 0.4179
vn -0.5346 0.7003 0.4730
vn 0.0497 0.9944 0.0932
vn -0.7944 0.1497 0.5887
vn -0.9702 0.1421 0.1963
vn -0.8023 -0.5722 0.1699
vn -0.1543 -0.9739 0.1663
vn -0.1932 -0.9799 0.0500
vn 0.5455 -0.8319 -0.1023
vn 0.4478 -0.8448 -0.2931
vn 0.9671 -0.1625 -0.1957
vn 0.7727 0.6131 -0.1646
vn 0.7727 0.6130 -0.1646
vn 0.0621 0.9933 -0.0974
vn 0.1039 0.9941 -0.0323
vn -0.6092 0.7845 0.1155
vn -0.5141 0.7850 0.3456
vn -0.9815 0.1460 -0.1235
vn -0.8095 -0.5774 -0.1067
vn -0.8024 -0.5722 0.1699
vn -0.9702 0.1421 0.1962
vn -0.1820 -0.9828 -0.0298
vn 0.5639 -0.8232 0.0660
vn 0.9798 -0.1578 0.1232
vn 0.7881 0.6068 0.1039
vn 0.7880 0.6068 0.1039
vn 0.1038 0.9941 -0.0322
vn 0.1198 0.9926 0.0218
vn -0.6068 0.7916 -0.0717
vn -0.6069 0.7916 -0.0717
vn -0.9815 0.1460 -0.1236
vn -0.9088 0.1486 -0.3900
vn -0.7503 -0.5734 -0.3291
vn -0.1820 -0.9829 -0.0298
vn -0.1715 -0.9816 -0.0838
vn 0.5206 -0.8260 0.2161
vn 0.5206 -0.8260 0.2160
vn 0.9797 -0.1578 0.1233
vn 0.9073 -0.1586 0.3894
vn 0.7268 0.6081 0.3194
vn 0.7267 0.6081 0.3194
vn 0.7880 0.6068 0.1040
vn 0.9798 -0.1578 0.1233
vn 0.1197 0.9926 0.0218
vn 0.1070 0.9927 0.0562
vn -0.5636 0.7920 -0.2348
vn -0.5635 0.7920 -0.2347
vn -0.7211 0.1487 -0.6767
vn -0.6032 -0.5672 -0.5607
vn -0.9087 0.1485 -0.3900
vn -0.1533 -0.9788 -0.1360
vn 0.4014 -0.8323 0.3822
vn 0.7202 -0.1572 0.6757
vn 0.5766 0.6169 0.5357
vn 0.5766 0.6168 0.5357
vn 0.9073 -0.1587 0.3895
vn 0.1070 0.9927 0.0563
vn 0.0843 0.9939 0.0717
vn -0.4458 0.7885 -0.4237
vn -0.5635 0.7920 -0.2348
vn -0.7210 0.1487 -0.6767
vn -0.4756 0.1470 -0.8673
vn -0.4051 -0.5791 -0.7075
vn -0.4051 -0.5790 -0.7075
vn -0.1532 -0.9788 -0.1360
vn -0.1051 -0.9836 -0.1466
vn 0.2615 -0.8194 0.5100
vn 0.2615 -0.8194 0.5101
vn 0.7203 -0.1572 0.6756
vn 0.4750 -0.1538 0.8664
vn 0.3961 0.6068 0.6892
vn 0.7203 -0.1571 0.6757
vn 0.0791 0.9920 0.0983
vn -0.2793 0.7932 -0.5411
vn -0.2791 0.1410 -0.9499
vn -0.2385 -0.5855 -0.7748
vn -0.2384 -0.5855 -0.7748
vn -0.0627 -0.9851 -0.1600
vn 0.1521 -0.8164 0.5570
vn 0.1520 -0.8164 0.5571
vn -0.1052 -0.9836 -0.1466
vn 0.4750 -0.1538 0.8665
vn 0.2782 -0.1530 0.9483
vn 0.2345 0.6061 0.7600
vn 0.2345 0.6061 0.7601
vn 0.3960 0.6068 0.6892
vn 0.4749 -0.1538 0.8665
vn 0.0493 0.9922 0.1142
vn -0.1624 0.7910 -0.5899
vn -0.0367 0.1363 -0.9900
vn -0.0138 -0.5819 -0.8132
vn -0.0138 -0.5819 -0.8131
vn -0.2790 0.1410 -0.9499
vn 0.0168 -0.9828 -0.1839
vn 0.0381 -0.8243 0.5648
vn 0.0368 -0.1606 0.9863
vn 0.0124 0.6085 0.7935
vn -0.0195 0.9933 0.1135
vn -0.0394 0.7841 -0.6194
vn 0.3028 0.1516 -0.9409
vn 0.3183 -0.5584 -0.7661
vn 0.1612 -0.9716 -0.1734
vn -0.0921 -0.8403 0.5342
vn 0.0167 -0.9828 -0.1839
vn -0.2967 -0.1904 0.9358
vn -0.3142 0.5906 0.7433
vn -0.3143 0.5906 0.7433
vn -0.1326 0.9876 0.0837
vn 0.1227 0.7857 -0.6063
vn 0.1226 0.7857 -0.6063
vn 0.3029 0.1516 -0.9409
vn 0.5719 0.2007 -0.7954
vn 0.5852 -0.5234 -0.6194
vn 0.3184 -0.5584 -0.7661
vn 0.1612 -0.9716 -0.1735
vn 0.2698 -0.9583 -0.0942
vn -0.2067 -0.8448 0.4936
vn 0.1611 -0.9716 -0.1735
vn -0.5667 -0.2202 0.7940
vn -0.5795 0.5439 0.6070
vn -0.5794 0.5439 0.6070
vn -0.2382 0.9699 0.0507
vn 0.2378 0.8165 -0.5261
vn 0.7241 0.2410 -0.6462
vn 0.7262 -0.4889 -0.4833
vn 0.7262 -0.4889 -0.4834
vn 0.3174 -0.9472 -0.0459
vn -0.2829 -0.8599 0.4250
vn -0.5667 -0.2201 0.7940
vn -0.7210 -0.2511 0.6459
vn -0.7177 0.5129 0.4710
vn -0.5667 -0.2201 0.7939
vn -0.2383 0.9699 0.0507
vn -0.2808 0.9597 0.0132
vn 0.3143 0.8382 -0.4457
vn 0.3142 0.8382 -0.4458
vn 0.2378 0.8165 -0.5262
vn 0.8524 0.2805 -0.4413
vn 0.8337 -0.4517 -0.3178
vn 0.8336 -0.4517 -0.3177
vn 0.3478 -0.9374 -0.0151
vn -0.3527 -0.8853 0.3032
vn -0.3526 -0.8853 0.3032
vn 0.3173 -0.9472 -0.0460
vn -0.7210 -0.2511 0.6458
vn -0.8502 -0.2870 0.4413
vn -0.8171 0.4898 0.3040
vn -0.8171 0.4898 0.3039
vn -0.2896 0.9570 -0.0152
vn 0.3971 0.8602 -0.3200
vn 0.3143 0.8382 -0.4458
vn 0.9373 0.3132 -0.1529
vn 0.9014 -0.4233 -0.0916
vn 0.8337 -0.4517 -0.3177
vn 0.3638 -0.9312 0.0212
vn -0.4011 -0.9075 0.1247
vn 0.3478 -0.9375 -0.0152
vn -0.9351 -0.3197 0.1532
vn -0.8793 0.4686 0.0851
vn -0.8793 0.4685 0.0850
vn -0.8503 -0.2870 0.4412
vn -0.2895 0.9570 -0.0153
vn -0.2904 0.9563 -0.0333
vn 0.4556 0.8806 -0.1300
vn -0.2895 0.9570 -0.0152
vn 0.9373 0.3132 -0.1528
vn 0.9380 0.3265 0.1165
vn 0.8991 -0.4202 0.1226
vn 0.3638 -0.9312 0.0213
vn 0.3509 -0.9345 0.0593
vn -0.4117 -0.9104 -0.0398
vn -0.4118 -0.9104 -0.0398
vn -0.4011 -0.9075 0.1246
vn -0.9351 -0.3197 0.1531
vn -0.9357 -0.3331 -0.1161
vn -0.8851 0.4493 -0.1210
vn -0.8851 0.4493 -0.1211
vn -0.8793 0.4686 0.0850
vn -0.3016 0.9520 -0.0530
vn 0.4496 0.8921 0.0450
vn 0.8954 0.3265 0.3028
vn 0.8636 -0.4240 0.2730
vn 0.9380 0.3264 0.1165
vn 0.3385 -0.9369 0.0872
vn -0.3914 -0.9076 -0.1520
vn -0.8937 -0.3316 -0.3023
vn -0.8535 0.4462 -0.2691
vn -0.3024 0.9502 -0.0749
vn 0.4192 0.8935 0.1609
vn 0.4496 0.8921 0.0451
vn 0.8401 0.3216 0.4369
vn 0.8181 -0.4310 0.3808
vn 0.8635 -0.4240 0.2730
vn 0.3385 -0.9369 0.0871
vn 0.3257 -0.9396 0.1055
vn -0.3620 -0.9023 -0.2341
vn -0.8388 -0.3254 -0.4365
vn -0.8112 0.4477 -0.3763
vn -0.8936 -0.3316 -0.3024
vn -0.3003 0.9494 -0.0923
vn 0.3818 0.8916 0.2433
vn 0.8400 0.3216 0.4369
vn 0.8100 0.3200 0.4914
vn 0.7913 -0.4420 0.4226
vn 0.7912 -0.4420 0.4226
vn 0.3090 -0.9451 0.1061
vn -0.3542 -0.8946 -0.2724
vn -0.8100 -0.3200 -0.4914
vn -0.7913 0.4420 -0.4225
vn -0.8111 0.4477 -0.3764
vn -0.3003 0.9494 -0.0922
vn -0.3089 0.9451 -0.1061
vn 0.3542 0.8946 0.2724
vn -0.3832 0.9235 -0.0173
vn -0.9234 -0.3826 0.0318
vn -0.4013 -0.9159 -0.0075
vn 0.9239 -0.3825 -0.0101
vn 0.3832 -0.9235 0.0175
vn 0.9234 0.3826 -0.0319
vn 0.9171 0.3937 0.0621
vn 0.9171 0.3937 0.0620
vn 0.3596 0.9331 0.0039
vn -0.3878 -0.9159 -0.1038
vn 0.3606 -0.9312 0.0530
vn 0.3400 -0.9316 0.1283
vn 0.3400 -0.9316 0.1284
vn 0.8760 -0.3872 0.2874
vn 0.3596 0.9331 0.0040
vn 0.3374 0.9373 0.0873
vn -0.8851 0.3641 -0.2898
vn -0.7747 -0.3830 -0.5032
vn 0.8760 -0.3872 0.2875
vn 0.2975 -0.9315 0.2093
vn 0.7688 -0.3847 0.5107
vn 0.8761 -0.3872 0.2874
vn 0.3374 0.9373 0.0874
vn 0.7664 0.4066 0.4973
vn 0.2907 0.9403 0.1770
vn -0.7778 0.3586 -0.5162
vn -0.2780 0.9044 -0.3238
vn -0.5898 -0.3850 -0.7099
vn 0.5931 -0.3868 0.7061
vn 0.2906 0.9403 0.1771
vn 0.2125 0.9409 0.2637
vn 0.2907 0.9403 0.1771
vn -0.4035 0.3639 -0.8395
vn -0.6009 0.3559 -0.7157
vn -0.2779 0.9044 -0.3238
vn -0.2512 -0.9169 -0.3101
vn -0.3813 -0.3829 -0.8414
vn -0.2513 -0.9169 -0.3101
vn 0.5931 -0.3867 0.7062
vn 0.1793 -0.9297 0.3219
vn 0.4004 -0.3856 0.8313
vn 0.2125 0.9409 0.2638
vn -0.2113 -0.3772 -0.9017
vn -0.2114 -0.3771 -0.9017
vn -0.0704 -0.9171 -0.3924
vn 0.1792 -0.9297 0.3219
vn 0.3780 0.3990 0.8354
vn 0.0611 0.9323 0.3565
vn -0.0603 0.3781 -0.9238
vn -0.2320 0.3736 -0.8981
vn -0.0619 -0.3723 -0.9261
vn -0.0620 -0.3723 -0.9260
vn 0.0224 -0.9305 0.3655
vn 0.0601 -0.3843 0.9213
vn 0.0257 0.9325 0.3603
vn 0.0970 0.9132 -0.3957
vn 0.1291 0.3740 -0.9184
vn 0.0884 -0.3747 -0.9229
vn -0.0283 -0.9155 -0.4014
vn 0.0223 -0.9305 0.3656
vn -0.0938 -0.9273 0.3622
vn -0.0938 -0.9273 0.3623
vn -0.1291 -0.3772 0.9171
vn 0.0256 0.9325 0.3604
vn 0.0613 0.3970 0.9158
vn 0.0090 0.9334 0.3586
vn 0.2010 0.9065 -0.3713
vn 0.2921 0.3606 -0.8858
vn 0.0883 -0.3747 -0.9229
vn 0.2167 -0.3896 -0.8951
vn 0.0167 -0.9201 -0.3914
vn -0.0028 -0.9154 -0.4025
vn -0.0939 -0.9273 0.3622
vn -0.1951 -0.9174 0.3467
vn -0.2920 -0.3656 0.8838
vn -0.2128 0.4077 0.8880
vn -0.0070 0.9322 0.3618
vn 0.0091 0.9334 0.3587
vn 0.2731 0.8973 -0.3467
vn 0.4207 0.3436 -0.8396
vn 0.2011 0.9065 -0.3713
vn 0.2168 -0.3896 -0.8951
vn 0.3286 -0.4041 -0.8537
vn -0.2921 -0.3656 0.8838
vn -0.4203 -0.3528 0.8360
vn -0.3241 0.4192 0.8481
vn -0.3240 0.4192 0.8481
vn -0.0341 0.9355 0.3517
vn 0.5616 0.3206 -0.7628
vn 0.2732 0.8973 -0.3467
vn 0.0483 -0.9238 -0.3798
vn 0.1031 -0.9291 -0.3553
vn -0.2632 -0.9100 0.3204
vn -0.3220 -0.9042 0.2804
vn -0.3221 -0.9042 0.2804
vn -0.4572 0.4390 0.7735
vn -0.0777 0.9439 0.3208
vn 0.4199 0.8702 -0.2576
vn 0.7263 0.2924 -0.6221
vn 0.6277 -0.4440 -0.6394
vn 0.1782 -0.9372 -0.2997
vn -0.5600 -0.3372 0.7567
vn -0.6177 0.4664 0.6332
vn -0.6176 0.4664 0.6333
vn 0.7262 0.2924 -0.6222
vn 0.1782 -0.9373 -0.2997
vn 0.7510 -0.4674 -0.4664
vn 0.2249 -0.9487 -0.2221
vn -0.3821 -0.8978 0.2189
vn -0.8479 -0.2907 0.4433
vn -0.7420 0.4845 0.4633
vn 0.5010 0.8596 -0.1001
vn 0.9204 0.2619 -0.2902
vn 0.4707 0.8649 -0.1743
vn 0.2250 -0.9487 -0.2221
vn 0.2494 -0.9549 -0.1615
vn -0.7421 0.4845 0.4632
vn -0.2133 0.9654 0.1501
vn 0.5254 0.8507 -0.0131
vn 0.5010 0.8596 -0.1000
vn 0.2494 -0.9549 -0.1614
vn 0.2698 -0.9579 -0.0985
vn -0.4847 -0.8747 0.0060
vn -0.4847 -0.8747 0.0059
vn -0.9586 -0.2632 0.1083
vn -0.2133 0.9654 0.1500
vn -0.2208 0.9709 0.0929
vn 0.9597 0.2264 0.1664
vn 0.5255 0.8507 -0.0131
vn 0.2698 -0.9579 -0.0984
vn 0.8574 -0.5008 0.1189
vn 0.2834 -0.9590 0.0057
vn -0.4680 -0.8764 -0.1134
vn -0.9524 -0.2553 -0.1664
vn -0.8380 0.5335 -0.1145
vn 0.4827 0.8366 0.2592
vn 0.9597 0.2264 0.1665
vn 0.7642 -0.5117 0.3927
vn 0.7643 -0.5116 0.3926
vn 0.2369 -0.9648 0.1139
vn -0.9525 -0.2553 -0.1664
vn -0.4372 -0.8679 -0.2357
vn -0.9524 -0.2553 -0.1663
vn -0.2032 0.9791 0.0080
vn -0.7511 0.5359 -0.3854
vn -0.7512 0.5359 -0.3854
vn -0.2033 0.9791 0.0081
vn 0.4131 0.8416 0.3480
vn 0.8641 0.2222 0.4516
vn 0.4826 0.8366 0.2593
vn 0.7642 -0.5117 0.3926
vn 0.6459 -0.5135 0.5649
vn 0.6460 -0.5135 0.5649
vn 0.1875 -0.9669 0.1733
vn -0.4371 -0.8679 -0.2358
vn -0.3866 -0.8632 -0.3247
vn -0.7357 -0.2386 -0.6340
vn -0.6364 0.5339 -0.5568
vn -0.1535 0.9776 -0.1440
vn -0.1830 0.9794 -0.0857
vn 0.3262 0.8417 0.4303
vn 0.5867 0.2291 0.7767
vn 0.5179 -0.5093 0.6873
vn 0.1562 -0.9654 0.2087
vn -0.5854 -0.2370 -0.7754
vn -0.7357 -0.2386 -0.6339
vn -0.5075 0.5373 -0.6736
vn -0.5076 0.5373 -0.6736
vn -0.1242 0.9782 -0.1665
vn 0.1485 0.8291 0.5391
vn 0.2946 0.2195 0.9301
vn 0.1485 0.8290 0.5391
vn 0.2809 -0.5029 0.8174
vn -0.5853 -0.2370 -0.7754
vn -0.3031 -0.8649 -0.4002
vn -0.1246 -0.8742 -0.4693
vn -0.2933 -0.2336 -0.9270
vn -0.1241 0.9782 -0.1666
vn -0.2716 0.5578 -0.7843
vn -0.2717 0.5578 -0.7843
vn -0.0834 0.9833 -0.1619
vn -0.0873 0.8230 0.5614
vn -0.0819 0.2044 0.9755
vn -0.0874 0.8229 0.5614
vn -0.0315 -0.5226 0.8520
vn 0.0367 -0.9662 0.2550
vn 0.1146 -0.9588 0.2599
vn 0.0852 -0.8585 -0.5057
vn 0.0823 -0.2181 -0.9725
vn 0.0274 0.5610 -0.8273
vn -0.0434 0.9830 -0.1785
vn -0.2400 0.8193 0.5207
vn -0.0818 0.2044 0.9755
vn 0.0366 -0.9662 0.2550
vn -0.2486 -0.5422 0.8026
vn -0.2487 -0.5422 0.8026
vn 0.0366 -0.9663 0.2550
vn 0.2297 -0.8426 -0.4871
vn 0.2296 -0.8426 -0.4871
vn 0.2418 0.5657 -0.7883
vn -0.0011 0.9830 -0.1833
vn -0.3524 0.8102 0.4684
vn -0.5333 0.1764 0.8274
vn -0.3399 0.1911 0.9208
vn -0.0622 -0.9758 0.2096
vn 0.3333 -0.8370 -0.4339
vn 0.3398 -0.2006 -0.9189
vn -0.0010 0.9830 -0.1834
vn 0.2418 0.5658 -0.7883
vn 0.1418 0.8852 -0.4431
vn -0.0599 0.9554 0.2893
vn -0.1709 0.9484 0.2669
vn -0.5333 0.1764 0.8273
vn -0.5142 0.7850 0.3456
vn -0.1544 -0.9739 0.1664
vn -0.1948 0.9579 0.2108
vn 0.1207 0.8649 -0.4873
vn 0.4024 0.8832 -0.2409
vn 0.6800 0.6186 -0.3936
vn 0.0820 0.9953 -0.0516
vn 0.0524 0.9899 -0.1320
vn -0.6093 0.7845 0.1155
vn -0.6490 -0.5586 0.5164
vn 0.7912 -0.1771 -0.5854
vn 0.5455 -0.8318 -0.1024
vn 0.5455 -0.8318 -0.1023
vn 0.9671 -0.1626 -0.1957
vn 0.0621 0.9933 -0.0975
vn 0.6184 0.6101 -0.4953
vn -0.6069 0.7915 -0.0717
vn -0.8094 -0.5774 -0.1067
vn -0.8095 -0.5774 -0.1066
vn -0.1933 -0.9799 0.0500
vn 0.5640 -0.8231 0.0660
vn 0.1198 0.9926 0.0217
vn -0.5636 0.7920 -0.2347
vn -0.9087 0.1486 -0.3901
vn -0.7502 -0.5735 -0.3291
vn -0.1716 -0.9816 -0.0838
vn 0.5640 -0.8231 0.0661
vn 0.5207 -0.8260 0.2160
vn 0.1071 0.9927 0.0563
vn -0.7211 0.1488 -0.6767
vn -0.6032 -0.5673 -0.5607
vn 0.4015 -0.8323 0.3822
vn 0.7267 0.6082 0.3194
vn 0.0844 0.9938 0.0717
vn -0.2794 0.7932 -0.5411
vn -0.4755 0.1471 -0.8673
vn -0.1533 -0.9788 -0.1361
vn 0.2616 -0.8194 0.5101
vn 0.7203 -0.1572 0.6757
vn 0.0844 0.9938 0.0718
vn 0.3961 0.6068 0.6891
vn -0.2790 0.1411 -0.9499
vn -0.4756 0.1471 -0.8673
vn -0.1051 -0.9836 -0.1467
vn -0.2384 -0.5856 -0.7748
vn -0.2385 -0.5856 -0.7748
vn -0.0627 -0.9851 -0.1601
vn 0.1521 -0.8164 0.5571
vn 0.2782 -0.1530 0.9482
vn 0.4749 -0.1539 0.8665
vn 0.0494 0.9922 0.1142
vn -0.0395 0.7840 -0.6195
vn -0.0367 0.1364 -0.9900
vn -0.2791 0.1411 -0.9499
vn -0.0394 0.7840 -0.6195
vn -0.0138 -0.5820 -0.8131
vn -0.0139 -0.5819 -0.8131
vn 0.0382 -0.8243 0.5649
vn 0.0124 0.6085 0.7934
vn 0.0125 0.6085 0.7934
vn -0.0194 0.9933 0.1136
vn 0.1227 0.7857 -0.6064
vn 0.3029 0.1517 -0.9409
vn -0.0366 0.1363 -0.9900
vn -0.0366 0.1364 -0.9900
vn 0.1612 -0.9715 -0.1735
vn 0.0381 -0.8243 0.5649
vn -0.0920 -0.8403 0.5342
vn -0.0195 0.9933 0.1136
vn 0.2378 0.8164 -0.5262
vn 0.2379 0.8164 -0.5262
vn 0.3183 -0.5584 -0.7660
vn 0.5852 -0.5234 -0.6193
vn 0.2698 -0.9583 -0.0943
vn -0.2067 -0.8447 0.4937
vn -0.2068 -0.8447 0.4936
vn -0.1326 0.9876 0.0838
vn 0.3143 0.8381 -0.4458
vn 0.7241 0.2411 -0.6461
vn 0.7261 -0.4890 -0.4834
vn 0.3174 -0.9472 -0.0460
vn -0.2829 -0.8598 0.4250
vn -0.7210 -0.2512 0.6458
vn -0.7177 0.5130 0.4710
vn -0.2809 0.9597 0.0133
vn 0.3971 0.8601 -0.3200
vn 0.8524 0.2806 -0.4413
vn 0.7242 0.2411 -0.6461
vn 0.3972 0.8601 -0.3201
vn 0.8336 -0.4518 -0.3177
vn 0.3478 -0.9374 -0.0152
vn -0.3527 -0.8852 0.3032
vn -0.8502 -0.2870 0.4412
vn -0.2809 0.9596 0.0132
vn -0.7177 0.5130 0.4709
vn -0.2808 0.9597 0.0133
vn 0.4557 0.8806 -0.1300
vn 0.9373 0.3133 -0.1528
vn 0.3971 0.8601 -0.3201
vn 0.9013 -0.4233 -0.0916
vn 0.3639 -0.9312 0.0212
vn 0.4497 0.8921 0.0450
vn 0.9380 0.3265 0.1166
vn 0.4557 0.8806 -0.1301
vn 0.8991 -0.4203 0.1226
vn 0.3510 -0.9345 0.0593
vn -0.8851 0.4494 -0.1211
vn -0.3017 0.9519 -0.0530
vn -0.2905 0.9563 -0.0333
vn 0.4193 0.8935 0.1609
vn 0.8954 0.3266 0.3028
vn 0.3510 -0.9345 0.0594
vn -0.9357 -0.3331 -0.1162
vn -0.3914 -0.9076 -0.1521
vn -0.8936 -0.3316 -0.3023
vn -0.8535 0.4463 -0.2691
vn -0.8535 0.4463 -0.2690
vn -0.3025 0.9502 -0.0749
vn 0.3819 0.8916 0.2433
vn 0.8400 0.3217 0.4369
vn 0.8180 -0.4311 0.3807
vn 0.3258 -0.9395 0.1055
vn 0.3386 -0.9369 0.0872
vn -0.8388 -0.3255 -0.4364
vn -0.8111 0.4477 -0.3763
vn 0.3543 0.8946 0.2725
vn 0.3818 0.8916 0.2434
vn 0.3543 0.8946 0.2724
vn 0.3257 -0.9395 0.1056
vn 0.8180 -0.4311 0.3808
vn 0.7912 -0.4421 0.4226
vn 0.3090 -0.9451 0.1062
vn 0.3258 -0.9395 0.1056
vn -0.8388 -0.3255 -0.4365
vn -0.3543 -0.8946 -0.2725
vn -0.3543 -0.8946 -0.2724
vn -0.7911 0.4421 -0.4227
vn -0.3090 0.9451 -0.1062
vn 0.0831 -0.9898 -0.1154
vn 0.0560 -0.9954 -0.0778
vn -0.0288 0.9988 0.0400
vn -0.0560 0.9954 0.0778
vn -0.5817 -0.0958 0.8078
vn 0.7760 -0.3631 0.5157
vn -0.7352 -0.3631 -0.5725
vn 0.7352 0.3631 0.5725
vn -0.7760 0.3631 -0.5157
vn 0.1209 -0.9784 -0.1679
vn 0.1178 -0.9795 -0.1636
vn 0.0096 0.9999 -0.0133
vn 0.0065 0.9999 -0.0090
vn 0.9630 -0.2172 0.1598
vn 0.9575 -0.2337 0.1690
vn 0.9299 -0.2270 0.2894
vn 0.9320 -0.2217 0.2867
vn -0.4775 -0.2220 -0.8501
vn -0.4652 -0.2345 -0.8536
vn -0.5916 -0.2317 -0.7722
vn -0.5840 -0.2452 -0.7738
vn 0.9285 0.2963 0.2238
vn 0.9264 0.3104 0.2132
vn 0.9021 0.2817 0.3268
vn 0.9022 0.2770 0.3305
vn -0.4857 0.2958 -0.8225
vn -0.4945 0.3100 -0.8120
vn -0.5979 0.2817 -0.7505
vn -0.5975 0.2959 -0.7453
vn 0.0953 -0.9866 -0.1323
vn 0.0954 -0.9866 -0.1324
vn 0.0760 -0.9915 -0.1056
vn 0.0954 -0.9866 -0.1325
vn 0.0953 -0.9866 -0.1324
vn -0.0164 0.9996 0.0227
vn -0.0164 0.9996 0.0228
vn -0.0359 0.9981 0.0498
vn -0.0163 0.9996 0.0227
vn -0.0288 0.9988 0.0399
vn 0.8769 -0.2224 0.4262
vn 0.8760 -0.2254 0.4265
vn 0.8353 -0.2297 0.4994
vn 0.8355 -0.2291 0.4994
vn 0.8768 -0.2224 0.4262
vn 0.8760 -0.2254 0.4264
vn 0.9566 -0.2660 0.1187
vn 0.9493 -0.2883 0.1252
vn -0.6103 -0.4143 -0.6752
vn -0.5993 -0.3704 -0.7097
vn -0.7136 -0.2701 -0.6464
vn -0.7328 -0.2280 -0.6411
vn -0.5841 -0.2452 -0.7738
vn -0.5915 -0.2322 -0.7721
vn -0.4774 -0.2220 -0.8502
vn -0.4045 -0.2635 -0.8758
vn -0.3912 -0.2801 -0.8767
vn 0.8483 0.2499 0.4668
vn 0.8481 0.2527 0.4658
vn 0.8085 0.2413 0.5368
vn 0.8085 0.2412 0.5368
vn 0.8085 0.2406 0.5370
vn 0.8483 0.2499 0.4669
vn 0.9022 0.2770 0.3306
vn 0.8481 0.2527 0.4657
vn 0.9264 0.3104 0.2131
vn 0.9244 0.3491 0.1538
vn 0.9191 0.3670 0.1436
vn 0.9264 0.3105 0.2131
vn -0.6634 0.4646 -0.5865
vn -0.6762 0.4855 -0.5542
vn -0.7100 0.2900 -0.6417
vn -0.7102 0.2466 -0.6594
vn -0.5975 0.2959 -0.7452
vn -0.5979 0.2817 -0.7504
vn -0.6761 0.4855 -0.5542
vn -0.6634 0.4646 -0.5866
vn -0.4944 0.3100 -0.8121
vn -0.4857 0.2958 -0.8226
vn -0.4505 0.3494 -0.8216
vn -0.4567 0.3695 -0.8093
vn 0.0560 -0.9954 -0.0777
vn -0.8115 -0.0000 -0.5844
vn 0.8115 -0.0000 0.5843
vn -0.5817 -0.0958 0.8077
vn -0.4454 -0.7935 -0.4148
vn 0.5346 -0.7934 0.2908
vn 0.5346 -0.7935 0.2908
vn -0.5346 0.7935 -0.2909
vn 0.4454 0.7935 0.4148
vn 0.5817 0.0958 -0.8078
vn 0.8411 0.0051 0.5409
vn 0.8412 0.0051 0.5407
vn 0.5552 0.7074 0.4374
vn 0.8411 0.0051 0.5408
vn 0.5551 0.7075 0.4374
vn -0.0559 0.9954 0.0778
vn -0.6343 0.7003 -0.3274
vn -0.6343 0.7003 -0.3275
vn -0.0560 0.9954 0.0777
vn -0.6344 0.7002 -0.3274
vn -0.8411 -0.0050 -0.5408
vn -0.8411 -0.0050 -0.5409
vn -0.6344 0.7002 -0.3275
vn -0.8411 -0.0051 -0.5408
vn -0.5552 -0.7074 -0.4374
vn -0.5552 -0.7075 -0.4374
vn -0.5551 -0.7075 -0.4374
vn 0.6343 -0.7003 0.3274
vn 0.6344 -0.7002 0.3275
vn 0.8411 0.0050 0.5408
vn -0.8518 -0.0882 0.5163
vn -0.7267 -0.3956 0.5616
vn -0.4592 -0.5217 0.7190
vn -0.2060 -0.3925 0.8964
vn -0.1155 -0.0838 0.9898
vn -0.2407 0.2236 0.9445
vn -0.5082 0.3496 0.7871
vn -0.8518 -0.0883 0.5163
vn -0.7614 0.2205 0.6097
vn 0.8410 0.0051 0.5410
vn 0.3176 0.6223 0.7155
vn 0.3176 0.6222 0.7155
vn 0.5834 -0.0306 0.8116
vn -0.2505 0.8899 0.3812
vn -0.7881 0.6156 0.0045
vn -0.7880 0.6156 0.0046
vn -0.2504 0.8899 0.3812
vn -0.9802 -0.0400 -0.1938
vn -0.9802 -0.0400 -0.1937
vn -0.7144 -0.6929 -0.0976
vn -0.7145 -0.6928 -0.0976
vn -0.1463 -0.9605 0.2367
vn -0.1464 -0.9605 0.2367
vn -0.7145 -0.6928 -0.0977
vn 0.3912 -0.6862 0.6133
vn -0.1464 -0.9605 0.2366
vn 0.6344 -0.7002 0.3274
vn 0.3912 -0.6862 0.6132
vn 0.7650 0.6298 -0.1351
vn 0.9969 0.0601 -0.0512
vn 0.7650 0.6297 -0.1351
vn 0.2693 0.8633 -0.4268
vn 0.7649 0.6298 -0.1351
vn 0.2693 0.8634 -0.4268
vn -0.1999 0.6240 -0.7554
vn 0.2692 0.8634 -0.4268
vn 0.2692 0.8633 -0.4268
vn -0.3676 0.0519 -0.9285
vn -0.1999 0.6239 -0.7555
vn -0.1357 -0.5178 -0.8447
vn -0.3676 0.0518 -0.9285
vn 0.3600 -0.7514 -0.5530
vn -0.1356 -0.5179 -0.8447
vn -0.1356 -0.5178 -0.8447
vn -0.1356 -0.5179 -0.8446
vn 0.3601 -0.7514 -0.5530
vn 0.8291 -0.5121 -0.2243
vn 0.3601 -0.7514 -0.5529
vn 0.8292 -0.5120 -0.2243
vn 0.9969 0.0600 -0.0512
vn 0.8292 -0.5120 -0.2242
vn -0.5082 0.3497 0.7871
vn -0.5082 0.3497 0.7870
vn -0.7881 0.6156 0.0046
vn -0.7613 0.2205 0.6097
vn -0.8519 -0.0882 0.5163
vn -0.7614 0.2205 0.6096
vn -0.8519 -0.0883 0.5163
vn -0.7267 -0.3957 0.5615
vn -0.7267 -0.3957 0.5616
vn -0.4592 -0.5218 0.7190
vn -0.4591 -0.5218 0.7190
vn -0.2060 -0.3926 0.8964
vn -0.1155 -0.0839 0.9898
vn 0.5551 0.7075 0.4375
vn 0.5552 0.7075 0.4374
vn -0.6344 0.7003 -0.3275
vn 0.1844 -0.0662 0.9806
vn -0.0115 0.4149 0.9098
vn 0.0427 -0.5494 0.8344
vn 0.1844 -0.0663 0.9806
vn 0.0427 -0.5494 0.8345
vn -0.3535 -0.7517 0.5568
vn 0.0427 -0.5495 0.8344
vn -0.3535 -0.7516 0.5569
vn -0.7722 -0.5544 0.3104
vn -0.3536 -0.7516 0.5568
vn -0.9681 -0.0732 0.2396
vn -0.7722 -0.5543 0.3104
vn -0.8265 0.4100 0.3858
vn -0.9681 -0.0731 0.2396
vn -0.4303 0.6122 0.6633
vn -0.8264 0.4101 0.3858
vn -0.4303 0.6123 0.6633
vn -0.4303 0.6122 0.6634
vn -0.0115 0.4150 0.9097
vn -0.4302 0.6122 0.6634
vn -0.4302 0.6123 0.6634
vn -0.0116 0.4150 0.9098
vn 0.7873 -0.0038 0.6165
vn 0.5172 0.7011 0.4909
vn 0.7874 -0.0038 0.6165
vn 0.5171 0.7011 0.4909
vn -0.5963 0.7066 -0.3809
vn -0.5964 0.7066 -0.3809
vn -0.5963 0.7066 -0.3811
vn -0.7874 0.0039 -0.6165
vn -0.7873 0.0039 -0.6165
vn -0.5964 0.7066 -0.3810
vn -0.7874 0.0038 -0.6165
vn -0.5172 -0.7011 -0.4909
vn -0.5171 -0.7011 -0.4909
vn 0.5963 -0.7066 0.3809
vn 0.5963 -0.7066 0.3810
vn 0.7874 -0.0039 0.6165
vn 0.5964 -0.7066 0.3810
vn -0.8966 -0.0843 0.4347
vn -0.7784 -0.3929 0.4896
vn -0.5275 -0.5218 0.6704
vn -0.2910 -0.3954 0.8712
vn -0.2074 -0.0878 0.9743
vn -0.3257 0.2207 0.9194
vn -0.5765 0.3496 0.7385
vn -0.5275 -0.5218 0.6705
vn -0.8966 -0.0844 0.4347
vn -0.5275 -0.5217 0.6705
vn -0.8130 0.2232 0.5377
vn 0.2542 0.6164 0.7453
vn 0.2542 0.6163 0.7453
vn 0.5054 -0.0389 0.8620
vn 0.7873 -0.0039 0.6165
vn -0.2785 0.8899 0.3613
vn 0.2543 0.6164 0.7453
vn -0.7808 0.6214 -0.0651
vn -0.7808 0.6214 -0.0650
vn -0.9583 -0.0317 -0.2840
vn -0.7807 0.6215 -0.0651
vn -0.7873 0.0038 -0.6165
vn -0.7071 -0.6870 -0.1673
vn -0.7072 -0.6870 -0.1673
vn -0.1744 -0.9605 0.2167
vn -0.1745 -0.9605 0.2167
vn 0.3279 -0.6921 0.6431
vn 0.3278 -0.6921 0.6431
vn 0.5964 -0.7066 0.3809
vn 0.5053 -0.0389 0.8620
vn 0.3278 -0.6921 0.6430
vn 0.7786 0.6247 -0.0601
vn 0.9977 0.0529 0.0418
vn 0.7786 0.6246 -0.0601
vn 0.3137 0.8634 -0.3952
vn 0.7785 0.6247 -0.0601
vn -0.1246 0.6292 -0.7672
vn 0.3136 0.8634 -0.3953
vn 0.3136 0.8634 -0.3952
vn -0.2795 0.0592 -0.9583
vn -0.1246 0.6291 -0.7673
vn -0.2796 0.0592 -0.9583
vn -0.0604 -0.5127 -0.8564
vn -0.2796 0.0591 -0.9583
vn -0.2795 0.0591 -0.9583
vn -0.0604 -0.5126 -0.8565
vn -0.0604 -0.5127 -0.8565
vn 0.4045 -0.7514 -0.5214
vn -0.0603 -0.5127 -0.8564
vn 0.8428 -0.5172 -0.1493
vn 0.4046 -0.7514 -0.5213
vn 0.4045 -0.7514 -0.5213
vn 0.8428 -0.5171 -0.1493
vn 0.9977 0.0528 0.0418
vn 0.8428 -0.5171 -0.1492
vn -0.3256 0.2208 0.9194
vn -0.3257 0.2208 0.9193
vn -0.5765 0.3497 0.7385
vn -0.8130 0.2233 0.5377
vn -0.5766 0.3496 0.7385
vn -0.8131 0.2232 0.5377
vn -0.9583 -0.0318 -0.2840
vn -0.8967 -0.0844 0.4346
vn -0.7784 -0.3930 0.4896
vn -0.1744 -0.9605 0.2168
vn -0.2909 -0.3954 0.8712
vn 0.5054 -0.0390 0.8620
vn -0.2073 -0.0878 0.9743
vn -0.5964 0.7066 -0.3808
vn -0.5963 0.7066 -0.3810
vn 0.0922 -0.0723 0.9931
vn -0.0929 0.4105 0.9071
vn -0.0929 0.4106 0.9071
vn 0.0922 -0.0724 0.9931
vn -0.0387 -0.5538 0.8317
vn -0.0387 -0.5538 0.8318
vn -0.4088 -0.7517 0.5175
vn -0.0387 -0.5539 0.8317
vn -0.8015 -0.5501 0.2344
vn -0.4089 -0.7517 0.5174
vn -0.4089 -0.7517 0.5175
vn -0.8015 -0.5501 0.2345
vn -0.9866 -0.0671 0.1484
vn -0.8016 -0.5501 0.2344
vn -0.8558 0.4143 0.3097
vn -0.9867 -0.0670 0.1484
vn -0.9866 -0.0670 0.1484
vn -0.8558 0.4143 0.3098
vn -0.4856 0.6122 0.6240
vn -0.8558 0.4144 0.3098
vn -0.0930 0.4106 0.9071
vn -0.4855 0.6122 0.6240
vn -0.4856 0.6122 0.6241
vt 0.010904 0.005510
vt 0.010904 0.031787
vt 0.008499 0.031787
vt 0.008499 0.005510
vt 0.005576 0.005510
vt 0.005576 0.031787
vt 0.000500 0.031787
vt 0.000500 0.005510
vt 0.024309 0.005510
vt 0.024309 0.031787
vt 0.022031 0.031787
vt 0.022031 0.005510
vt 0.019722 0.005510
vt 0.019722 0.031787
vt 0.015372 0.031787
vt 0.015372 0.005510
vt 0.010904 0.056300
vt 0.008499 0.056300
vt 0.005576 0.056300
vt 0.000500 0.056300
vt 0.024309 0.056300
vt 0.022031 0.056300
vt 0.019722 0.056300
vt 0.015372 0.056300
vt 0.010904 0.077997
vt 0.008499 0.077997
vt 0.005576 0.077997
vt 0.000500 0.077997
vt 0.024309 0.077997
vt 0.022031 0.077997
vt 0.019722 0.077997
vt 0.015372 0.077997
vt 0.010904 0.098417
vt 0.008499 0.098417
vt 0.005576 0.098417
vt 0.000500 0.098417
vt 0.024309 0.098417
vt 0.022031 0.098417
vt 0.019722 0.098417
vt 0.015372 0.098417
vt 0.010904 0.119992
vt 0.008499 0.119992
vt 0.005576 0.119992
vt 0.000500 0.119992
vt 0.024309 0.119992
vt 0.022031 0.119992
vt 0.019722 0.119992
vt 0.015372 0.119992
vt 0.010904 0.144865
vt 0.008499 0.144865
vt 0.005576 0.144865
vt 0.000500 0.144865
vt 0.024309 0.144865
vt 0.022031 0.144865
vt 0.019722 0.144865
vt 0.015372 0.144865
vt 0.010904 0.172415
vt 0.008499 0.172415
vt 0.005576 0.172415
vt 0.000500 0.172415
vt 0.024309 0.172415
vt 0.022031 0.172415
vt 0.019722 0.172415
vt 0.015372 0.172415
vt 0.010904 0.200453
vt 0.008499 0.200453
vt 0.005576 0.200453
vt 0.000500 0.200453
vt 0.024309 0.200453
vt 0.022031 0.200453
vt 0.019722 0.200453
vt 0.015372 0.200453
vt 0.010904 0.229117
vt 0.008499 0.229117
vt 0.005576 0.229117
vt 0.000500 0.229117
vt 0.024309 0.229117
vt 0.022031 0.229117
vt 0.019722 0.229117
vt 0.015372 0.229117
vt 0.010904 0.260466
vt 0.008499 0.260466
vt 0.005576 0.260466
vt 0.000500 0.260466
vt 0.024309 0.260466
vt 0.022031 0.260466
vt 0.019722 0.260466
vt 0.015372 0.260466
vt 0.010904 0.293644
vt 0.008499 0.293644
vt 0.005576 0.293644
vt 0.000500 0.293644
vt 0.024309 0.293644
vt 0.022031 0.293644
vt 0.019722 0.293644
vt 0.015372 0.293644
vt 0.010904 0.325374
vt 0.008499 0.325374
vt 0.005576 0.325374
vt 0.000500 0.325374
vt 0.024309 0.325374
vt 0.022031 0.325374
vt 0.019722 0.325374
vt 0.015372 0.325374
vt 0.010904 0.355689
vt 0.008499 0.355689
vt 0.005576 0.355689
vt 0.000500 0.355689
vt 0.024309 0.355689
vt 0.022031 0.355689
vt 0.019722 0.355689
vt 0.015372 0.355689
vt 0.010904 0.387509
vt 0.008498 0.387509
vt 0.005576 0.387509
vt 0.000500 0.387509
vt 0.024309 0.387509
vt 0.022031 0.387509
vt 0.019722 0.387509
vt 0.015372 0.387509
vt 0.010904 0.420348
vt 0.008498 0.420348
vt 0.005576 0.420348
vt 0.000500 0.420348
vt 0.024309 0.420348
vt 0.022031 0.420348
vt 0.019722 0.420348
vt 0.015372 0.420348
vt 0.010904 0.450397
vt 0.008498 0.450397
vt 0.005576 0.450397
vt 0.000500 0.450397
vt 0.024309 0.450397
vt 0.022031 0.450397
vt 0.019722 0.450397
vt 0.015372 0.450397
vt 0.010904 0.477419
vt 0.008498 0.477419
vt 0.005576 0.477419
vt 0.000500 0.477419
vt 0.024309 0.477419
vt 0.022031 0.477419
vt 0.019721 0.477419
vt 0.015372 0.477419
vt 0.010904 0.505320
vt 0.008498 0.505320
vt 0.005576 0.505320
vt 0.000500 0.505320
vt 0.024309 0.505320
vt 0.022031 0.505320
vt 0.019721 0.505320
vt 0.015372 0.505320
vt 0.010904 0.534418
vt 0.008498 0.534418
vt 0.005576 0.534418
vt 0.000500 0.534418
vt 0.024309 0.534418
vt 0.022031 0.534418
vt 0.019721 0.534418
vt 0.015372 0.534418
vt 0.010904 0.560498
vt 0.008498 0.560498
vt 0.005576 0.560498
vt 0.000500 0.560498
vt 0.024309 0.560498
vt 0.022031 0.560498
vt 0.019721 0.560498
vt 0.015372 0.560498
vt 0.010904 0.582717
vt 0.008498 0.582717
vt 0.005576 0.582717
vt 0.000500 0.582717
vt 0.024309 0.582717
vt 0.022031 0.582717
vt 0.019721 0.582717
vt 0.015372 0.582717
vt 0.010904 0.605434
vt 0.008498 0.605434
vt 0.005576 0.605434
vt 0.000500 0.605434
vt 0.024309 0.605434
vt 0.022031 0.605434
vt 0.019721 0.605434
vt 0.015372 0.605434
vt 0.010904 0.629679
vt 0.008498 0.629679
vt 0.005576 0.629679
vt 0.000500 0.629679
vt 0.024309 0.629679
vt 0.022031 0.629679
vt 0.019721 0.629679
vt 0.015372 0.629679
vt 0.010904 0.650986
vt 0.008498 0.650986
vt 0.005576 0.650986
vt 0.000500 0.650986
vt 0.024309 0.650986
vt 0.022031 0.650986
vt 0.019721 0.650986
vt 0.015372 0.650986
vt 0.010904 0.667791
vt 0.008498 0.667791
vt 0.005576 0.667791
vt 0.000500 0.667791
vt 0.024309 0.667791
vt 0.022031 0.667791
vt 0.019721 0.667791
vt 0.015372 0.667791
vt 0.010904 0.684251
vt 0.008498 0.684251
vt 0.005576 0.684251
vt 0.000500 0.684251
vt 0.024309 0.684251
vt 0.022031 0.684251
vt 0.019721 0.684251
vt 0.015372 0.684251
vt 0.010904 0.702383
vt 0.008498 0.702383
vt 0.005576 0.702383
vt 0.000500 0.702383
vt 0.024309 0.702383
vt 0.022031 0.702383
vt 0.019721 0.702383
vt 0.015372 0.702383
vt 0.010904 0.719583
vt 0.008498 0.719583
vt 0.005576 0.719583
vt 0.000500 0.719583
vt 0.024309 0.719583
vt 0.022031 0.719583
vt 0.019721 0.719583
vt 0.015372 0.719583
vt 0.010904 0.736145
vt 0.008498 0.736145
vt 0.005576 0.736145
vt 0.000500 0.736145
vt 0.024309 0.736145
vt 0.022031 0.736145
vt 0.019721 0.736145
vt 0.015372 0.736145
vt 0.010904 0.755430
vt 0.008498 0.755430
vt 0.005576 0.755430
vt 0.000500 0.755430
vt 0.024309 0.755430
vt 0.022031 0.755430
vt 0.019721 0.755430
vt 0.015372 0.755430
vt 0.010904 0.776995
vt 0.008498 0.776995
vt 0.005576 0.776995
vt 0.000500 0.776995
vt 0.024309 0.776995
vt 0.022031 0.776995
vt 0.019721 0.776995
vt 0.015372 0.776995
vt 0.010904 0.797152
vt 0.008498 0.797152
vt 0.005576 0.797152
vt 0.000500 0.797152
vt 0.024309 0.797152
vt 0.022031 0.797152
vt 0.019721 0.797152
vt 0.015372 0.797152
vt 0.010904 0.816170
vt 0.008498 0.816170
vt 0.005576 0.816170
vt 0.000500 0.816170
vt 0.024309 0.816170
vt 0.022031 0.816170
vt 0.019721 0.816170
vt 0.015372 0.816170
vt 0.010904 0.837666
vt 0.008498 0.837666
vt 0.005576 0.837666
vt 0.000500 0.837666
vt 0.024309 0.837666
vt 0.022031 0.837666
vt 0.019721 0.837666
vt 0.015372 0.837666
vt 0.010904 0.861622
vt 0.008498 0.861622
vt 0.005576 0.861622
vt 0.000500 0.861622
vt 0.024309 0.861622
vt 0.022031 0.861622
vt 0.019721 0.861622
vt 0.015372 0.861622
vt 0.010904 0.884979
vt 0.008498 0.884979
vt 0.005576 0.884979
vt 0.000500 0.884979
vt 0.024309 0.884979
vt 0.022031 0.884979
vt 0.019721 0.884979
vt 0.015372 0.884979
vt 0.010904 0.907315
vt 0.008498 0.907315
vt 0.005576 0.907315
vt 0.000500 0.907315
vt 0.024309 0.907315
vt 0.022031 0.907315
vt 0.019721 0.907315
vt 0.015372 0.907315
vt 0.010904 0.931279
vt 0.008498 0.931279
vt 0.005576 0.931279
vt 0.000500 0.931279
vt 0.024309 0.931279
vt 0.022031 0.931279
vt 0.019721 0.931279
vt 0.015372 0.931279
vt 0.010904 0.958737
vt 0.008498 0.958737
vt 0.005576 0.958737
vt 0.000500 0.958737
vt 0.024309 0.958737
vt 0.022031 0.958737
vt 0.019721 0.958737
vt 0.015372 0.958737
vt 0.010904 0.990985
vt 0.008498 0.990985
vt 0.005576 0.990985
vt 0.000500 0.990985
vt 0.024309 0.990985
vt 0.022031 0.990985
vt 0.019721 0.990985
vt 0.015372 0.990985
vt 0.026024 0.005510
vt 0.026024 0.031787
vt 0.026024 0.056300
vt 0.026024 0.077997
vt 0.026024 0.098417
vt 0.026024 0.119992
vt 0.026024 0.144865
vt 0.026024 0.172415
vt 0.026024 0.200453
vt 0.026024 0.229117
vt 0.026024 0.260466
vt 0.026024 0.293644
vt 0.026024 0.325374
vt 0.026024 0.355689
vt 0.026024 0.387509
vt 0.026024 0.420348
vt 0.026024 0.450397
vt 0.026024 0.477419
vt 0.026024 0.505320
vt 0.026024 0.534418
vt 0.026024 0.560498
vt 0.026024 0.582717
vt 0.026024 0.605434
vt 0.026024 0.629679
vt 0.026024 0.650986
vt 0.026024 0.667791
vt 0.026024 0.684251
vt 0.026024 0.702383
vt 0.026024 0.719583
vt 0.026024 0.736145
vt 0.026024 0.755430
vt 0.026024 0.776995
vt 0.026024 0.797152
vt 0.026024 0.816170
vt 0.026024 0.837666
vt 0.026024 0.861622
vt 0.026024 0.884979
vt 0.026024 0.907315
vt 0.026024 0.931279
vt 0.026024 0.958737
vt 0.026024 0.990985
vt 0.531501 0.620430
vt 0.530647 0.591643
vt 0.593172 0.591645
vt 0.592315 0.620430
vt 0.572405 0.405061
vt 0.511491 0.405060
vt 0.510632 0.376227
vt 0.573260 0.376227
vt 0.917273 0.253853
vt 0.922321 0.240965
vt 0.984358 0.240965
vt 0.989407 0.253853
vt 0.516498 0.592757
vt 0.518527 0.622896
vt 0.605288 0.622898
vt 0.607322 0.592761
vt 0.984358 0.266742
vt 0.922321 0.266742
vt 0.587433 0.377343
vt 0.585399 0.407530
vt 0.498496 0.407532
vt 0.496459 0.377344
vt 0.540906 0.642309
vt 0.582904 0.642304
vt 0.575168 0.664493
vt 0.548640 0.664518
vt 0.520916 0.426969
vt 0.562983 0.426976
vt 0.555236 0.449220
vt 0.528665 0.449196
vt 0.530531 0.645899
vt 0.540792 0.666858
vt 0.593279 0.645900
vt 0.583001 0.666868
vt 0.573375 0.430571
vt 0.563096 0.451564
vt 0.510523 0.430571
vt 0.520819 0.451574
vt 0.553188 0.686828
vt 0.570618 0.686753
vt 0.569342 0.708630
vt 0.554585 0.708707
vt 0.533221 0.471491
vt 0.550681 0.471567
vt 0.549279 0.493483
vt 0.534498 0.493405
vt 0.547367 0.687842
vt 0.549559 0.709221
vt 0.578230 0.681821
vt 0.574332 0.709191
vt 0.556511 0.472584
vt 0.554315 0.493997
vt 0.525597 0.466550
vt 0.529500 0.493966
vt 0.581719 0.571667
vt 0.591699 0.571667
vt 0.591699 0.577932
vt 0.581719 0.577932
vt 0.546623 0.571667
vt 0.556602 0.571667
vt 0.556603 0.577932
vt 0.546623 0.577932
vt 0.574708 0.571604
vt 0.574707 0.577995
vt 0.563615 0.577995
vt 0.563615 0.571605
vt 0.539503 0.571667
vt 0.539503 0.577932
vt 0.528628 0.577932
vt 0.528628 0.571667
vt 0.567256 0.466401
vt 0.577224 0.466401
vt 0.579715 0.471126
vt 0.564765 0.471126
vt 0.561585 0.481558
vt 0.561586 0.470695
vt 0.563548 0.476127
vt 0.564764 0.481205
vt 0.577224 0.485931
vt 0.567255 0.485931
vt 0.579714 0.481205
vt 0.582894 0.470695
vt 0.582893 0.481559
vt 0.580931 0.476128
vt 0.521508 0.571667
vt 0.521508 0.577932
vt 0.050597 0.962506
vt 0.050597 0.951632
vt 0.056273 0.947331
vt 0.066252 0.947331
vt 0.071928 0.951631
vt 0.071927 0.962506
vt 0.066252 0.966806
vt 0.056273 0.966806
vt 0.857358 0.945759
vt 0.858077 0.962129
vt 0.855595 0.962199
vt 0.855063 0.945816
vt 0.853118 0.962256
vt 0.852772 0.945866
vt 0.850641 0.962304
vt 0.850480 0.945912
vt 0.848159 0.962339
vt 0.848185 0.945953
vt 0.845668 0.962345
vt 0.845871 0.945979
vt 0.843173 0.962315
vt 0.843459 0.945933
vt 0.862078 0.945537
vt 0.863057 0.961894
vt 0.860566 0.962029
vt 0.859671 0.945686
vt 0.001997 0.995991
vt 0.002573 0.994537
vt 0.004009 0.993915
vt 0.005465 0.994491
vt 0.006087 0.995927
vt 0.005511 0.997382
vt 0.004075 0.998004
vt 0.002620 0.997427
vt 0.856928 0.925178
vt 0.854629 0.925212
vt 0.854530 0.912290
vt 0.857011 0.912263
vt 0.852333 0.925257
vt 0.852057 0.912336
vt 0.850036 0.925310
vt 0.849585 0.912395
vt 0.847738 0.925374
vt 0.847106 0.912473
vt 0.845421 0.925458
vt 0.844618 0.912588
vt 0.843012 0.925632
vt 0.842128 0.912745
vt 0.861661 0.925236
vt 0.859247 0.925165
vt 0.859501 0.912273
vt 0.861996 0.912323
vt 0.856922 0.926100
vt 0.854641 0.926142
vt 0.852352 0.926189
vt 0.850064 0.926239
vt 0.847783 0.926294
vt 0.845528 0.926353
vt 0.843376 0.926462
vt 0.861332 0.926081
vt 0.859178 0.926063
vt 0.007583 0.995903
vt 0.006586 0.998424
vt 0.004099 0.999500
vt 0.001580 0.998503
vt 0.000500 0.996017
vt 0.001498 0.993495
vt 0.003986 0.992418
vt 0.006506 0.993416
vt 0.857324 0.945028
vt 0.855043 0.945076
vt 0.852756 0.945125
vt 0.850469 0.945174
vt 0.848188 0.945223
vt 0.845930 0.945270
vt 0.843773 0.945268
vt 0.861737 0.944887
vt 0.859582 0.944981
vt 0.236249 0.795468
vt 0.237010 0.811838
vt 0.234529 0.811915
vt 0.233956 0.795532
vt 0.232053 0.811980
vt 0.231666 0.795589
vt 0.229576 0.812035
vt 0.229375 0.795642
vt 0.227094 0.812076
vt 0.227081 0.795689
vt 0.224604 0.812088
vt 0.224768 0.795722
vt 0.222109 0.812066
vt 0.222356 0.795681
vt 0.240969 0.795234
vt 0.241989 0.811590
vt 0.239498 0.811731
vt 0.238562 0.795390
vt 0.973876 0.955897
vt 0.974465 0.954447
vt 0.975906 0.953838
vt 0.977356 0.954426
vt 0.977966 0.955868
vt 0.977378 0.957317
vt 0.975936 0.957927
vt 0.974486 0.957339
vt 0.235760 0.774889
vt 0.233462 0.774929
vt 0.233325 0.762007
vt 0.235804 0.761973
vt 0.231167 0.774981
vt 0.230853 0.762060
vt 0.228872 0.775040
vt 0.228382 0.762126
vt 0.226575 0.775110
vt 0.225904 0.762211
vt 0.224258 0.775202
vt 0.223417 0.762334
vt 0.221849 0.775383
vt 0.220926 0.762498
vt 0.240492 0.774932
vt 0.238078 0.774868
vt 0.238294 0.761974
vt 0.240789 0.762017
vt 0.235757 0.775810
vt 0.233476 0.775859
vt 0.231190 0.775912
vt 0.228902 0.775969
vt 0.226622 0.776031
vt 0.224368 0.776096
vt 0.222217 0.776212
vt 0.240166 0.775779
vt 0.238012 0.775767
vt 0.979463 0.955857
vt 0.978444 0.958368
vt 0.975947 0.959424
vt 0.973435 0.958404
vt 0.972380 0.955908
vt 0.973399 0.953396
vt 0.975895 0.952341
vt 0.978407 0.953360
vt 0.236213 0.794739
vt 0.233933 0.794794
vt 0.231648 0.794849
vt 0.229362 0.794904
vt 0.227082 0.794959
vt 0.224825 0.795013
vt 0.222667 0.795017
vt 0.240626 0.794585
vt 0.238471 0.794684
s 0
usemtl 03_-_Default
f 1022/1083/2204 1026/1084/2205 863/1085/2206
f 863/1085/2206 859/1086/2207 1022/1083/2208
f 1023/1087/2209 1027/1088/2210 864/1089/2211
f 864/1089/2211 860/1090/2212 1023/1087/2209
f 1024/1091/2213 1028/1092/2214 865/1093/2215
f 865/1093/2216 861/1094/2217 1024/1091/2213
f 1025/1095/2218 1029/1096/2219 862/1097/2220
f 862/1097/2221 858/1098/2222 1025/1095/2218
f 1026/1084/2223 1030/1099/2224 867/1100/2225
f 867/1100/2225 863/1085/2206 1026/1084/2223
f 1027/1088/2210 1031/1101/2226 868/1102/2227
f 868/1102/2228 864/1089/2211 1027/1088/2210
f 1028/1092/2229 1032/1103/2230 869/1104/2231
f 869/1104/2231 865/1093/2232 1028/1092/2233
f 1029/1096/2234 1033/1105/2235 866/1106/2236
f 866/1106/2236 862/1097/2221 1029/1096/2219
f 1030/1099/2224 1034/1107/2237 871/1108/2238
f 871/1108/2238 867/1100/2239 1030/1099/2224
f 1031/1101/2226 1035/1109/2240 872/1110/2241
f 872/1110/2241 868/1102/2242 1031/1101/2226
f 1032/1103/2243 1036/1111/2244 873/1112/2245
f 873/1112/2245 869/1104/2246 1032/1103/2230
f 1033/1105/2235 1037/1113/2247 870/1114/2248
f 870/1114/2249 866/1106/2236 1033/1105/2250
f 1034/1107/2237 1038/1115/2251 875/1116/2252
f 875/1116/2253 871/1108/2238 1034/1107/2237
f 1035/1109/2254 1039/1117/2255 876/1118/2256
f 876/1118/2256 872/1110/2241 1035/1109/2254
f 1036/1111/2244 1040/1119/2257 877/1120/2258
f 877/1120/2258 873/1112/2245 1036/1111/2259
f 1037/1113/2247 1041/1121/2260 874/1122/2261
f 874/1122/2262 870/1114/2263 1037/1113/2247
f 1038/1115/2264 1042/1123/2265 879/1124/2266
f 879/1124/2267 875/1116/2253 1038/1115/2268
f 1039/1117/2269 1043/1125/2270 880/1126/2271
f 880/1126/2272 876/1118/2256 1039/1117/2255
f 1040/1119/2257 1044/1127/2273 881/1128/2274
f 881/1128/2275 877/1120/2276 1040/1119/2257
f 1041/1121/2260 1045/1129/2277 878/1130/2278
f 878/1130/2278 874/1122/2262 1041/1121/2260
f 1042/1123/2279 1046/1131/2280 883/1132/2281
f 883/1132/2282 879/1124/2267 1042/1123/2279
f 1043/1125/2283 1047/1133/2284 884/1134/2285
f 884/1134/2286 880/1126/2272 1043/1125/2270
f 1044/1127/2273 1048/1135/2287 885/1136/2288
f 885/1136/2289 881/1128/2275 1044/1127/2273
f 1045/1129/2290 1049/1137/2291 882/1138/2292
f 882/1138/2293 878/1130/2294 1045/1129/2295
f 1046/1131/2280 1050/1139/2296 887/1140/2297
f 887/1140/2297 883/1132/2282 1046/1131/2298
f 1047/1133/2284 1051/1141/2299 888/1142/2300
f 888/1142/2300 884/1134/2285 1047/1133/2284
f 1048/1135/2287 1052/1143/2301 889/1144/2302
f 889/1144/2302 885/1136/2289 1048/1135/2303
f 1049/1137/2304 1053/1145/2305 886/1146/2306
f 886/1146/2307 882/1138/2292 1049/1137/2304
f 1050/1139/2296 1054/1147/2308 891/1148/2309
f 891/1148/2309 887/1140/2297 1050/1139/2296
f 1051/1141/2299 1055/1149/2310 892/1150/2311
f 892/1150/2312 888/1142/2300 1051/1141/2313
f 1052/1143/2314 1056/1151/2315 893/1152/2316
f 893/1152/2317 889/1144/2302 1052/1143/2314
f 1053/1145/2305 1057/1153/2318 890/1154/2319
f 890/1154/2319 886/1146/2306 1053/1145/2305
f 1054/1147/2320 1058/1155/2321 895/1156/2322
f 895/1156/2323 891/1148/2324 1054/1147/2320
f 1055/1149/2325 1059/1157/2326 896/1158/2327
f 896/1158/2327 892/1150/2312 1055/1149/2310
f 1056/1151/2315 1060/1159/2328 897/1160/2329
f 897/1160/2329 893/1152/2317 1056/1151/2330
f 1057/1153/2331 1061/1161/2332 894/1162/2333
f 894/1162/2333 890/1154/2319 1057/1153/2318
f 1058/1155/2321 1062/1163/2334 899/1164/2335
f 899/1164/2335 895/1156/2336 1058/1155/2321
f 1059/1157/2337 1063/1165/2338 900/1166/2339
f 900/1166/2339 896/1158/2327 1059/1157/2326
f 1060/1159/2328 1064/1167/2340 901/1168/2341
f 901/1168/2341 897/1160/2329 1060/1159/2342
f 1061/1161/2332 1065/1169/2343 898/1170/2344
f 898/1170/2344 894/1162/2345 1061/1161/2332
f 1062/1163/2346 1066/1171/2347 903/1172/2348
f 903/1172/2348 899/1164/2335 1062/1163/2334
f 1063/1165/2349 1067/1173/2350 904/1174/2351
f 904/1174/2351 900/1166/2339 1063/1165/2338
f 1064/1167/2340 1068/1175/2352 905/1176/2353
f 905/1176/2354 901/1168/2341 1064/1167/2340
f 1065/1169/2343 1069/1177/2355 902/1178/2356
f 902/1178/2356 898/1170/2344 1065/1169/2343
f 1066/1171/2347 1070/1179/2357 907/1180/2358
f 907/1180/2359 903/1172/2360 1066/1171/2347
f 1067/1173/2361 1071/1181/2362 908/1182/2363
f 908/1182/2363 904/1174/2351 1067/1173/2364
f 1068/1175/2365 1072/1183/2366 909/1184/2367
f 909/1184/2367 905/1176/2353 1068/1175/2365
f 1069/1177/2355 1073/1185/2368 906/1186/2369
f 906/1186/2369 902/1178/2370 1069/1177/2371
f 1070/1179/2357 1074/1187/2372 911/1188/2373
f 911/1188/2373 907/1180/2374 1070/1179/2357
f 1071/1181/2375 1075/1189/2376 912/1190/2377
f 912/1190/2378 908/1182/2379 1071/1181/2375
f 1072/1183/2380 1076/1191/2381 913/1192/2382
f 913/1192/2383 909/1184/2367 1072/1183/2380
f 1073/1185/2384 1077/1193/2385 910/1194/2386
f 910/1194/2387 906/1186/2388 1073/1185/2368
f 1074/1187/2372 1078/1195/2389 915/1196/2390
f 915/1196/2391 911/1188/2373 1074/1187/2372
f 1075/1189/2376 1079/1197/2392 916/1198/2393
f 916/1198/2394 912/1190/2395 1075/1189/2376
f 1076/1191/2396 1080/1199/2397 917/1200/2398
f 917/1200/2398 913/1192/2399 1076/1191/2396
f 1077/1193/2385 1081/1201/2400 914/1202/2401
f 914/1202/2402 910/1194/2386 1077/1193/2385
f 1078/1195/2403 1082/1203/2404 919/1204/2405
f 919/1204/2405 915/1196/2390 1078/1195/2403
f 1079/1197/2392 1083/1205/2406 920/1206/2407
f 920/1206/2408 916/1198/2393 1079/1197/2392
f 1080/1199/2397 1084/1207/2409 921/1208/2410
f 921/1208/2411 917/1200/2412 1080/1199/2413
f 1081/1201/2414 1085/1209/2415 918/1210/2416
f 918/1210/2416 914/1202/2402 1081/1201/2400
f 1082/1203/2417 1086/1211/2418 923/1212/2419
f 923/1212/2419 919/1204/2405 1082/1203/2404
f 1083/1205/2406 1087/1213/2420 924/1214/2421
f 924/1214/2422 920/1206/2407 1083/1205/2423
f 1084/1207/2424 1088/1215/2425 925/1216/2426
f 925/1216/2426 921/1208/2427 1084/1207/2428
f 1085/1209/2429 1089/1217/2430 922/1218/2431
f 922/1218/2432 918/1210/2416 1085/1209/2433
f 1086/1211/2434 1090/1219/2435 927/1220/2436
f 927/1220/2437 923/1212/2419 1086/1211/2418
f 1087/1213/2420 1091/1221/2438 928/1222/2439
f 928/1222/2439 924/1214/2422 1087/1213/2420
f 1088/1215/2440 1092/1223/2441 929/1224/2442
f 929/1224/2442 925/1216/2426 1088/1215/2425
f 1089/1217/2430 1093/1225/2443 926/1226/2444
f 926/1226/2444 922/1218/2431 1089/1217/2430
f 1090/1219/2435 1094/1227/2445 931/1228/2446
f 931/1228/2446 927/1220/2437 1090/1219/2435
f 1091/1221/2438 1095/1229/2447 932/1230/2448
f 932/1230/2448 928/1222/2439 1091/1221/2438
f 1092/1223/2441 1096/1231/2449 933/1232/2450
f 933/1232/2450 929/1224/2442 1092/1223/2441
f 1093/1225/2451 1097/1233/2452 930/1234/2453
f 930/1234/2453 926/1226/2444 1093/1225/2451
f 1094/1227/2445 1098/1235/2454 935/1236/2455
f 935/1236/2456 931/1228/2446 1094/1227/2457
f 1095/1229/2447 1099/1237/2458 936/1238/2459
f 936/1238/2459 932/1230/2448 1095/1229/2447
f 1096/1231/2460 1100/1239/2461 937/1240/2462
f 937/1240/2462 933/1232/2450 1096/1231/2463
f 1097/1233/2452 1101/1241/2464 934/1242/2465
f 934/1242/2465 930/1234/2453 1097/1233/2452
f 1098/1235/2466 1102/1243/2467 939/1244/2468
f 939/1244/2469 935/1236/2455 1098/1235/2466
f 1099/1237/2458 1103/1245/2470 940/1246/2471
f 940/1246/2472 936/1238/2459 1099/1237/2458
f 1100/1239/2461 1104/1247/2473 941/1248/2474
f 941/1248/2474 937/1240/2475 1100/1239/2476
f 1101/1241/2464 1105/1249/2477 938/1250/2478
f 938/1250/2478 934/1242/2465 1101/1241/2464
f 1102/1243/2479 1106/1251/2480 943/1252/2481
f 943/1252/2482 939/1244/2468 1102/1243/2467
f 1103/1245/2470 1107/1253/2483 944/1254/2484
f 944/1254/2484 940/1246/2485 1103/1245/2486
f 1104/1247/2487 1108/1255/2488 945/1256/2489
f 945/1256/2490 941/1248/2474 1104/1247/2473
f 1105/1249/2491 1109/1257/2492 942/1258/2493
f 942/1258/2493 938/1250/2478 1105/1249/2491
f 1106/1251/2480 1110/1259/2494 947/1260/2495
f 947/1260/2495 943/1252/2482 1106/1251/2480
f 1107/1253/2483 1111/1261/2496 948/1262/2497
f 948/1262/2498 944/1254/2484 1107/1253/2483
f 1108/1255/2499 1112/1263/2500 949/1264/2501
f 949/1264/2501 945/1256/2502 1108/1255/2499
f 1109/1257/2503 1113/1265/2504 946/1266/2505
f 946/1266/2506 942/1258/2493 1109/1257/2503
f 1110/1259/2507 1114/1267/2508 951/1268/2509
f 951/1268/2509 947/1260/2495 1110/1259/2510
f 1111/1261/2496 1115/1269/2511 952/1270/2512
f 952/1270/2512 948/1262/2513 1111/1261/2496
f 1112/1263/2500 1116/1271/2514 953/1272/2515
f 953/1272/2515 949/1264/2516 1112/1263/2500
f 1113/1265/2517 1117/1273/2518 950/1274/2519
f 950/1274/2520 946/1266/2505 1113/1265/2504
f 1114/1267/2508 1118/1275/2521 955/1276/2522
f 955/1276/2523 951/1268/2524 1114/1267/2525
f 1115/1269/2526 1119/1277/2527 956/1278/2528
f 956/1278/2528 952/1270/2512 1115/1269/2511
f 1116/1271/2529 1120/1279/2530 957/1280/2531
f 957/1280/2532 953/1272/2515 1116/1271/2514
f 1117/1273/2533 1121/1281/2534 954/1282/2535
f 954/1282/2536 950/1274/2537 1117/1273/2538
f 1118/1275/2539 1122/1283/2540 959/1284/2541
f 959/1284/2541 955/1276/2523 1118/1275/2539
f 1119/1277/2542 1123/1285/2543 960/1286/2544
f 960/1286/2544 956/1278/2545 1119/1277/2527
f 1120/1279/2530 1124/1287/2546 961/1288/2547
f 961/1288/2548 957/1280/2532 1120/1279/2530
f 1121/1281/2549 1125/1289/2550 958/1290/2551
f 958/1290/2551 954/1282/2552 1121/1281/2549
f 1122/1283/2540 1126/1291/2553 963/1292/2554
f 963/1292/2554 959/1284/2555 1122/1283/2556
f 1123/1285/2543 1127/1293/2557 964/1294/2558
f 964/1294/2558 960/1286/2544 1123/1285/2543
f 1124/1287/2546 1128/1295/2559 965/1296/2560
f 965/1296/2561 961/1288/2548 1124/1287/2546
f 1125/1289/2562 1129/1297/2563 962/1298/2564
f 962/1298/2565 958/1290/2551 1125/1289/2550
f 1126/1291/2566 1130/1299/2567 967/1300/2568
f 967/1300/2568 963/1292/2554 1126/1291/2566
f 1127/1293/2569 1131/1301/2570 968/1302/2571
f 968/1302/2572 964/1294/2558 1127/1293/2569
f 1128/1295/2573 1132/1303/2574 969/1304/2575
f 969/1304/2576 965/1296/2577 1128/1295/2578
f 1129/1297/2579 1133/1305/2580 966/1306/2581
f 966/1306/2582 962/1298/2564 1129/1297/2563
f 1130/1299/2567 1134/1307/2583 971/1308/2584
f 971/1308/2584 967/1300/2568 1130/1299/2585
f 1131/1301/2570 1135/1309/2586 972/1310/2587
f 972/1310/2587 968/1302/2571 1131/1301/2570
f 1132/1303/2574 1136/1311/2588 973/1312/2589
f 973/1312/2590 969/1304/2576 1132/1303/2591
f 1133/1305/2592 1137/1313/2593 970/1314/2594
f 970/1314/2594 966/1306/2595 1133/1305/2592
f 1134/1307/2596 1138/1315/2597 975/1316/2598
f 975/1316/2599 971/1308/2584 1134/1307/2583
f 1135/1309/2600 1139/1317/2601 976/1318/2602
f 976/1318/2603 972/1310/2587 1135/1309/2600
f 1136/1311/2604 1140/1319/2605 977/1320/2606
f 977/1320/2606 973/1312/2590 1136/1311/2607
f 1137/1313/2593 1141/1321/2608 974/1322/2609
f 974/1322/2609 970/1314/2594 1137/1313/2593
f 1138/1315/2597 1142/1323/2610 979/1324/2611
f 979/1324/2612 975/1316/2598 1138/1315/2597
f 1139/1317/2601 1143/1325/2613 980/1326/2614
f 980/1326/2615 976/1318/2603 1139/1317/2616
f 1140/1319/2617 1144/1327/2618 981/1328/2619
f 981/1328/2620 977/1320/2621 1140/1319/2622
f 1141/1321/2608 1145/1329/2623 978/1330/2624
f 978/1330/2624 974/1322/2609 1141/1321/2608
f 1142/1323/2610 1146/1331/2625 983/1332/2626
f 983/1332/2627 979/1324/2611 1142/1323/2628
f 1143/1325/2613 1147/1333/2629 984/1334/2630
f 984/1334/2630 980/1326/2615 1143/1325/2613
f 1144/1327/2618 1148/1335/2631 985/1336/2632
f 985/1336/2632 981/1328/2619 1144/1327/2618
f 1145/1329/2623 1149/1337/2633 982/1338/2634
f 982/1338/2634 978/1330/2624 1145/1329/2623
f 1146/1331/2625 1150/1339/2635 987/1340/2636
f 987/1340/2636 983/1332/2627 1146/1331/2625
f 1147/1333/2629 1151/1341/2637 988/1342/2638
f 988/1342/2638 984/1334/2630 1147/1333/2639
f 1148/1335/2631 1152/1343/2640 989/1344/2641
f 989/1344/2642 985/1336/2632 1148/1335/2631
f 1149/1337/2633 1153/1345/2643 986/1346/2644
f 986/1346/2645 982/1338/2634 1149/1337/2633
f 1150/1339/2646 1154/1347/2647 991/1348/2648
f 991/1348/2648 987/1340/2649 1150/1339/2646
f 1151/1341/2650 1155/1349/2651 992/1350/2652
f 992/1350/2652 988/1342/2638 1151/1341/2653
f 1152/1343/2640 1156/1351/2654 993/1352/2655
f 993/1352/2656 989/1344/2642 1152/1343/2640
f 1153/1345/2643 1157/1353/2657 990/1354/2658
f 990/1354/2658 986/1346/2645 1153/1345/2643
f 1154/1347/2647 1158/1355/2659 995/1356/2660
f 995/1356/2661 991/1348/2648 1154/1347/2647
f 1155/1349/2651 1159/1357/2662 996/1358/2663
f 996/1358/2663 992/1350/2652 1155/1349/2651
f 1156/1351/2664 1160/1359/2665 997/1360/2666
f 997/1360/2666 993/1352/2655 1156/1351/2667
f 1157/1353/2668 1161/1361/2669 994/1362/2670
f 994/1362/2671 990/1354/2672 1157/1353/2657
f 1158/1355/2659 1162/1363/2673 999/1364/2674
f 999/1364/2675 995/1356/2660 1158/1355/2659
f 1159/1357/2662 1163/1365/2676 1000/1366/2677
f 1000/1366/2678 996/1358/2663 1159/1357/2679
f 1160/1359/2680 1164/1367/2681 1001/1368/2682
f 1001/1368/2683 997/1360/2666 1160/1359/2680
f 1161/1361/2669 1165/1369/2684 998/1370/2685
f 998/1370/2685 994/1362/2686 1161/1361/2669
f 1162/1363/2673 1166/1371/2687 1003/1372/2688
f 1003/1372/2688 999/1364/2689 1162/1363/2673
f 1163/1365/2676 1167/1373/2690 1004/1374/2691
f 1004/1374/2691 1000/1366/2677 1163/1365/2692
f 1164/1367/2681 1168/1375/2693 1005/1376/2694
f 1005/1376/2695 1001/1368/2683 1164/1367/2696
f 1165/1369/2697 1169/1377/2698 1002/1378/2699
f 1002/1378/2699 998/1370/2685 1165/1369/2700
f 1166/1371/2701 1170/1379/2702 1007/1380/2703
f 1007/1380/2703 1003/1372/2688 1166/1371/2687
f 1167/1373/2704 1171/1381/2705 1008/1382/2706
f 1008/1382/2707 1004/1374/2708 1167/1373/2690
f 1168/1375/2709 1172/1383/2710 1009/1384/2711
f 1009/1384/2712 1005/1376/2713 1168/1375/2709
f 1169/1377/2698 1173/1385/2714 1006/1386/2715
f 1006/1386/2715 1002/1378/2699 1169/1377/2698
f 1170/1379/2702 1174/1387/2716 1011/1388/2717
f 1011/1388/2717 1007/1380/2703 1170/1379/2718
f 1171/1381/2705 1175/1389/2719 1012/1390/2720
f 1012/1390/2720 1008/1382/2706 1171/1381/2705
f 1172/1383/2710 1176/1391/2721 1013/1392/2722
f 1013/1392/2722 1009/1384/2712 1172/1383/2710
f 1173/1385/2714 1177/1393/2723 1010/1394/2724
f 1010/1394/2724 1006/1386/2725 1173/1385/2714
f 1174/1387/2716 1178/1395/2726 1015/1396/2727
f 1015/1396/2727 1011/1388/2728 1174/1387/2716
f 1175/1389/2729 1179/1397/2730 1016/1398/2731
f 1016/1398/2731 1012/1390/2720 1175/1389/2719
f 1176/1391/2721 1180/1399/2732 1017/1400/2733
f 1017/1400/2733 1013/1392/2722 1176/1391/2734
f 1177/1393/2723 1181/1401/2735 1014/1402/2736
f 1014/1402/2736 1010/1394/2724 1177/1393/2723
f 1178/1395/2737 1018/1403/2738 1183/1404/2739
f 1183/1404/2740 1015/1396/2727 1178/1395/2726
f 1179/1397/2730 1019/1405/2741 1184/1406/2742
f 1184/1406/2742 1016/1398/2731 1179/1397/2730
f 1180/1399/2732 1020/1407/2743 1185/1408/2744
f 1185/1408/2744 1017/1400/2745 1180/1399/2732
f 1181/1401/2746 1021/1409/2747 1182/1410/2748
f 1182/1410/2748 1014/1402/2736 1181/1401/2735
f 862/1097/2221 1026/1084/2223 1022/1083/2208
f 1022/1083/2204 858/1098/2749 862/1097/2221
f 1023/1087/2209 859/1086/2750 863/1085/2206
f 863/1085/2206 1027/1088/2751 1023/1087/2209
f 1024/1091/2752 860/1411/2753 864/1412/2211
f 864/1412/2211 1028/1092/2214 1024/1091/2213
f 1025/1095/2218 861/1094/2754 865/1093/2755
f 865/1093/2756 1029/1096/2757 1025/1095/2218
f 866/1106/2236 1030/1099/2224 1026/1084/2223
f 1026/1084/2223 862/1097/2220 866/1106/2236
f 1027/1088/2210 863/1085/2206 867/1100/2239
f 867/1100/2225 1031/1101/2758 1027/1088/2210
f 1028/1092/2214 864/1412/2759 868/1413/2760
f 868/1413/2761 1032/1103/2762 1028/1092/2214
f 1029/1096/2763 865/1093/2755 869/1104/2246
f 869/1104/2246 1033/1105/2764 1029/1096/2757
f 870/1114/2249 1034/1107/2237 1030/1099/2765
f 1030/1099/2224 866/1106/2236 870/1114/2249
f 1031/1101/2758 867/1100/2225 871/1108/2766
f 871/1108/2766 1035/1109/2240 1031/1101/2758
f 1032/1103/2767 868/1413/2761 872/1414/2768
f 872/1414/2241 1036/1111/2769 1032/1103/2770
f 1033/1105/2771 869/1104/2246 873/1112/2245
f 873/1112/2772 1037/1113/2773 1033/1105/2235
f 874/1122/2262 1038/1115/2264 1034/1107/2774
f 1034/1107/2237 870/1114/2249 874/1122/2775
f 1035/1109/2240 871/1108/2766 875/1116/2252
f 875/1116/2776 1039/1117/2269 1035/1109/2240
f 1036/1111/2769 872/1414/2768 876/1415/2256
f 876/1415/2256 1040/1119/2777 1036/1111/2244
f 1037/1113/2778 873/1112/2245 877/1120/2258
f 877/1120/2258 1041/1121/2779 1037/1113/2780
f 878/1130/2294 1042/1123/2781 1038/1115/2782
f 1038/1115/2264 874/1122/2783 878/1130/2294
f 1039/1117/2784 875/1116/2252 879/1124/2785
f 879/1124/2785 1043/1125/2283 1039/1117/2786
f 1040/1119/2787 876/1415/2256 880/1416/2788
f 880/1416/2788 1044/1127/2789 1040/1119/2777
f 1041/1121/2790 877/1120/2258 881/1128/2274
f 881/1128/2274 1045/1129/2290 1041/1121/2790
f 882/1138/2293 1046/1131/2280 1042/1123/2781
f 1042/1123/2781 878/1130/2294 882/1138/2293
f 1043/1125/2283 879/1124/2785 883/1132/2791
f 883/1132/2792 1047/1133/2793 1043/1125/2283
f 1044/1127/2789 880/1416/2794 884/1417/2285
f 884/1417/2285 1048/1135/2287 1044/1127/2789
f 1045/1129/2290 881/1128/2795 885/1136/2289
f 885/1136/2289 1049/1137/2796 1045/1129/2290
f 886/1146/2307 1050/1139/2797 1046/1131/2280
f 1046/1131/2798 882/1138/2293 886/1146/2307
f 1047/1133/2284 883/1132/2281 887/1140/2799
f 887/1140/2800 1051/1141/2313 1047/1133/2284
f 1048/1135/2287 884/1417/2285 888/1418/2801
f 888/1418/2801 1052/1143/2802 1048/1135/2287
f 1049/1137/2304 885/1136/2289 889/1144/2302
f 889/1144/2302 1053/1145/2803 1049/1137/2304
f 890/1154/2804 1054/1147/2805 1050/1139/2797
f 1050/1139/2797 886/1146/2307 890/1154/2804
f 1051/1141/2299 887/1140/2799 891/1148/2806
f 891/1148/2806 1055/1149/2325 1051/1141/2807
f 1052/1143/2802 888/1418/2808 892/1419/2809
f 892/1419/2810 1056/1151/2811 1052/1143/2802
f 1053/1145/2812 889/1144/2813 893/1152/2316
f 893/1152/2317 1057/1153/2814 1053/1145/2812
f 894/1162/2815 1058/1155/2816 1054/1147/2805
f 1054/1147/2805 890/1154/2804 894/1162/2815
f 1055/1149/2325 891/1148/2817 895/1156/2818
f 895/1156/2818 1059/1157/2819 1055/1149/2820
f 1056/1151/2811 892/1419/2821 896/1420/2822
f 896/1420/2822 1060/1159/2823 1056/1151/2811
f 1057/1153/2814 893/1152/2317 897/1160/2329
f 897/1160/2824 1061/1161/2825 1057/1153/2826
f 898/1170/2827 1062/1163/2828 1058/1155/2816
f 1058/1155/2816 894/1162/2829 898/1170/2827
f 1059/1157/2337 895/1156/2830 899/1164/2831
f 899/1164/2335 1063/1165/2338 1059/1157/2337
f 1060/1159/2832 896/1420/2822 900/1421/2339
f 900/1421/2339 1064/1167/2833 1060/1159/2832
f 1061/1161/2825 897/1160/2824 901/1168/2834
f 901/1168/2835 1065/1169/2836 1061/1161/2825
f 902/1178/2370 1066/1171/2837 1062/1163/2346
f 1062/1163/2828 898/1170/2838 902/1178/2370
f 1063/1165/2839 899/1164/2335 903/1172/2360
f 903/1172/2360 1067/1173/2840 1063/1165/2839
f 1064/1167/2833 900/1421/2841 904/1422/2842
f 904/1422/2843 1068/1175/2365 1064/1167/2833
f 1065/1169/2836 901/1168/2834 905/1176/2844
f 905/1176/2844 1069/1177/2845 1065/1169/2836
f 906/1186/2846 1070/1179/2847 1066/1171/2837
f 1066/1171/2837 902/1178/2370 906/1186/2369
f 1067/1173/2840 903/1172/2360 907/1180/2359
f 907/1180/2848 1071/1181/2849 1067/1173/2840
f 1068/1175/2850 904/1422/2843 908/1423/2363
f 908/1423/2363 1072/1183/2380 1068/1175/2365
f 1069/1177/2845 905/1176/2844 909/1184/2851
f 909/1184/2852 1073/1185/2368 1069/1177/2845
f 910/1194/2387 1074/1187/2372 1070/1179/2853
f 1070/1179/2847 906/1186/2369 910/1194/2387
f 1071/1181/2854 907/1180/2848 911/1188/2855
f 911/1188/2855 1075/1189/2856 1071/1181/2849
f 1072/1183/2380 908/1423/2857 912/1424/2395
f 912/1424/2395 1076/1191/2858 1072/1183/2380
f 1073/1185/2384 909/1184/2851 913/1192/2859
f 913/1192/2383 1077/1193/2385 1073/1185/2384
f 914/1202/2860 1078/1195/2861 1074/1187/2372
f 1074/1187/2372 910/1194/2862 914/1202/2860
f 1075/1189/2863 911/1188/2855 915/1196/2390
f 915/1196/2391 1079/1197/2864 1075/1189/2863
f 1076/1191/2858 912/1424/2395 916/1425/2394
f 916/1425/2394 1080/1199/2413 1076/1191/2858
f 1077/1193/2385 913/1192/2865 917/1200/2398
f 917/1200/2412 1081/1201/2866 1077/1193/2385
f 918/1210/2867 1082/1203/2404 1078/1195/2861
f 1078/1195/2861 914/1202/2868 918/1210/2867
f 1079/1197/2869 915/1196/2390 919/1204/2405
f 919/1204/2405 1083/1205/2870 1079/1197/2869
f 1080/1199/2397 916/1425/2393 920/1426/2871
f 920/1426/2872 1084/1207/2873 1080/1199/2413
f 1081/1201/2874 917/1200/2398 921/1208/2410
f 921/1208/2410 1085/1209/2875 1081/1201/2866
f 922/1218/2432 1086/1211/2876 1082/1203/2404
f 1082/1203/2404 918/1210/2877 922/1218/2431
f 1083/1205/2878 919/1204/2405 923/1212/2879
f 923/1212/2879 1087/1213/2880 1083/1205/2878
f 1084/1207/2873 920/1426/2872 924/1427/2421
f 924/1427/2881 1088/1215/2882 1084/1207/2873
f 1085/1209/2429 921/1208/2427 925/1216/2883
f 925/1216/2883 1089/1217/2430 1085/1209/2429
f 926/1226/2884 1090/1219/2435 1086/1211/2885
f 1086/1211/2885 922/1218/2431 926/1226/2884
f 1087/1213/2420 923/1212/2879 927/1220/2886
f 927/1220/2887 1091/1221/2888 1087/1213/2420
f 1088/1215/2889 924/1427/2421 928/1428/2439
f 928/1428/2890 1092/1223/2441 1088/1215/2891
f 1089/1217/2892 925/1216/2883 929/1224/2893
f 929/1224/2894 1093/1225/2451 1089/1217/2895
f 930/1234/2896 1094/1227/2457 1090/1219/2897
f 1090/1219/2435 926/1226/2898 930/1234/2896
f 1091/1221/2888 927/1220/2899 931/1228/2900
f 931/1228/2901 1095/1229/2902 1091/1221/2888
f 1092/1223/2441 928/1428/2903 932/1429/2904
f 932/1429/2904 1096/1231/2905 1092/1223/2441
f 1093/1225/2451 929/1224/2893 933/1232/2906
f 933/1232/2906 1097/1233/2907 1093/1225/2908
f 934/1242/2909 1098/1235/2910 1094/1227/2445
f 1094/1227/2457 930/1234/2896 934/1242/2909
f 1095/1229/2902 931/1228/2900 935/1236/2911
f 935/1236/2456 1099/1237/2912 1095/1229/2902
f 1096/1231/2905 932/1429/2904 936/1430/2459
f 936/1430/2459 1100/1239/2913 1096/1231/2914
f 1097/1233/2907 933/1232/2906 937/1240/2915
f 937/1240/2916 1101/1241/2917 1097/1233/2907
f 938/1250/2918 1102/1243/2919 1098/1235/2910
f 1098/1235/2910 934/1242/2909 938/1250/2920
f 1099/1237/2458 935/1236/2456 939/1244/2921
f 939/1244/2468 1103/1245/2486 1099/1237/2912
f 1100/1239/2922 936/1430/2923 940/1431/2924
f 940/1431/2924 1104/1247/2925 1100/1239/2913
f 1101/1241/2926 937/1240/2915 941/1248/2927
f 941/1248/2928 1105/1249/2929 1101/1241/2917
f 942/1258/2930 1106/1251/2931 1102/1243/2467
f 1102/1243/2467 938/1250/2920 942/1258/2932
f 1103/1245/2486 939/1244/2468 943/1252/2481
f 943/1252/2933 1107/1253/2934 1103/1245/2935
f 1104/1247/2925 940/1431/2485 944/1432/2936
f 944/1432/2936 1108/1255/2937 1104/1247/2925
f 1105/1249/2477 941/1248/2928 945/1256/2938
f 945/1256/2489 1109/1257/2939 1105/1249/2929
f 946/1266/2940 1110/1259/2507 1106/1251/2941
f 1106/1251/2931 942/1258/2932 946/1266/2940
f 1107/1253/2942 943/1252/2481 947/1260/2943
f 947/1260/2944 1111/1261/2496 1107/1253/2945
f 1108/1255/2499 944/1432/2484 948/1433/2946
f 948/1433/2947 1112/1263/2500 1108/1255/2937
f 1109/1257/2503 945/1256/2489 949/1264/2948
f 949/1264/2948 1113/1265/2949 1109/1257/2939
f 950/1274/2950 1114/1267/2951 1110/1259/2507
f 1110/1259/2952 946/1266/2940 950/1274/2950
f 1111/1261/2496 947/1260/2943 951/1268/2524
f 951/1268/2524 1115/1269/2953 1111/1261/2496
f 1112/1263/2500 948/1433/2497 952/1434/2954
f 952/1434/2954 1116/1271/2529 1112/1263/2955
f 1113/1265/2956 949/1264/2957 953/1272/2515
f 953/1272/2958 1117/1273/2959 1113/1265/2960
f 954/1282/2552 1118/1275/2521 1114/1267/2508
f 1114/1267/2961 950/1274/2950 954/1282/2962
f 1115/1269/2526 951/1268/2524 955/1276/2522
f 955/1276/2522 1119/1277/2963 1115/1269/2511
f 1116/1271/2514 952/1434/2954 956/1435/2528
f 956/1435/2528 1120/1279/2530 1116/1271/2514
f 1117/1273/2964 953/1272/2965 957/1280/2966
f 957/1280/2967 1121/1281/2968 1117/1273/2969
f 958/1290/2970 1122/1283/2540 1118/1275/2521
f 1118/1275/2521 954/1282/2552 958/1290/2970
f 1119/1277/2963 955/1276/2971 959/1284/2541
f 959/1284/2541 1123/1285/2543 1119/1277/2963
f 1120/1279/2972 956/1435/2528 960/1436/2973
f 960/1436/2974 1124/1287/2975 1120/1279/2972
f 1121/1281/2976 957/1280/2977 961/1288/2547
f 961/1288/2547 1125/1289/2550 1121/1281/2549
f 962/1298/2978 1126/1291/2566 1122/1283/2556
f 1122/1283/2556 958/1290/2970 962/1298/2978
f 1123/1285/2543 959/1284/2541 963/1292/2979
f 963/1292/2980 1127/1293/2557 1123/1285/2981
f 1124/1287/2975 960/1436/2974 964/1437/2982
f 964/1437/2982 1128/1295/2573 1124/1287/2546
f 1125/1289/2550 961/1288/2547 965/1296/2561
f 965/1296/2561 1129/1297/2983 1125/1289/2550
f 966/1306/2984 1130/1299/2985 1126/1291/2566
f 1126/1291/2566 962/1298/2978 966/1306/2581
f 1127/1293/2557 963/1292/2554 967/1300/2986
f 967/1300/2568 1131/1301/2987 1127/1293/2557
f 1128/1295/2573 964/1437/2988 968/1438/2989
f 968/1438/2572 1132/1303/2591 1128/1295/2573
f 1129/1297/2563 965/1296/2561 969/1304/2576
f 969/1304/2576 1133/1305/2990 1129/1297/2983
f 970/1314/2594 1134/1307/2991 1130/1299/2985
f 1130/1299/2985 966/1306/2581 970/1314/2594
f 1131/1301/2570 967/1300/2986 971/1308/2992
f 971/1308/2584 1135/1309/2586 1131/1301/2570
f 1132/1303/2591 968/1438/2571 972/1439/2993
f 972/1439/2993 1136/1311/2588 1132/1303/2591
f 1133/1305/2990 969/1304/2994 973/1312/2589
f 973/1312/2589 1137/1313/2995 1133/1305/2990
f 974/1322/2996 1138/1315/2997 1134/1307/2583
f 1134/1307/2583 970/1314/2594 974/1322/2609
f 1135/1309/2998 971/1308/2584 975/1316/2598
f 975/1316/2598 1139/1317/2616 1135/1309/2998
f 1136/1311/2588 972/1439/2993 976/1440/2999
f 976/1440/2603 1140/1319/2622 1136/1311/3000
f 1137/1313/3001 973/1312/2589 977/1320/3002
f 977/1320/3002 1141/1321/2608 1137/1313/3001
f 978/1330/2624 1142/1323/3003 1138/1315/3004
f 1138/1315/2997 974/1322/2609 978/1330/2624
f 1139/1317/3005 975/1316/2598 979/1324/3006
f 979/1324/3007 1143/1325/3008 1139/1317/3005
f 1140/1319/2622 976/1440/2603 980/1441/3009
f 980/1441/3009 1144/1327/3010 1140/1319/3011
f 1141/1321/2608 977/1320/2621 981/1328/2619
f 981/1328/2619 1145/1329/3012 1141/1321/2608
f 982/1338/3013 1146/1331/3014 1142/1323/3015
f 1142/1323/3003 978/1330/2624 982/1338/3016
f 1143/1325/3008 979/1324/3007 983/1332/3017
f 983/1332/3018 1147/1333/2639 1143/1325/3008
f 1144/1327/2618 980/1441/2615 984/1442/3019
f 984/1442/3019 1148/1335/2631 1144/1327/3010
f 1145/1329/2623 981/1328/2619 985/1336/3020
f 985/1336/3021 1149/1337/3022 1145/1329/3012
f 986/1346/3023 1150/1339/3024 1146/1331/3025
f 1146/1331/3026 982/1338/3016 986/1346/3023
f 1147/1333/2629 983/1332/3017 987/1340/2636
f 987/1340/2636 1151/1341/3027 1147/1333/2629
f 1148/1335/2631 984/1442/3028 988/1443/2638
f 988/1443/3029 1152/1343/2640 1148/1335/2631
f 1149/1337/3030 985/1336/2632 989/1344/2642
f 989/1344/2641 1153/1345/2643 1149/1337/3022
f 990/1354/3031 1154/1347/2647 1150/1339/3024
f 1150/1339/2646 986/1346/3023 990/1354/3032
f 1151/1341/2650 987/1340/3033 991/1348/3034
f 991/1348/2648 1155/1349/3035 1151/1341/2650
f 1152/1343/2640 988/1443/2638 992/1444/3036
f 992/1444/3037 1156/1351/2654 1152/1343/2640
f 1153/1345/2643 989/1344/2642 993/1352/2656
f 993/1352/2656 1157/1353/2668 1153/1345/3038
f 994/1362/3039 1158/1355/3040 1154/1347/2647
f 1154/1347/2647 990/1354/3032 994/1362/3039
f 1155/1349/2651 991/1348/2648 995/1356/2660
f 995/1356/3041 1159/1357/3042 1155/1349/2651
f 1156/1351/2654 992/1444/3037 996/1445/3043
f 996/1445/3043 1160/1359/3044 1156/1351/2654
f 1157/1353/2668 993/1352/2655 997/1360/2666
f 997/1360/3045 1161/1361/3046 1157/1353/2668
f 998/1370/3047 1162/1363/3048 1158/1355/2659
f 1158/1355/3049 994/1362/2670 998/1370/3050
f 1159/1357/3042 995/1356/2660 999/1364/3051
f 999/1364/3051 1163/1365/3052 1159/1357/2662
f 1160/1359/3044 996/1445/3043 1000/1446/2677
f 1000/1446/3053 1164/1367/3054 1160/1359/3044
f 1161/1361/3055 997/1360/3056 1001/1368/2683
f 1001/1368/2682 1165/1369/2684 1161/1361/3057
f 1002/1378/3058 1166/1371/3059 1162/1363/3048
f 1162/1363/3048 998/1370/3060 1002/1378/3058
f 1163/1365/2676 999/1364/3051 1003/1372/3061
f 1003/1372/3061 1167/1373/3062 1163/1365/2676
f 1164/1367/2696 1000/1446/2677 1004/1447/2691
f 1004/1447/2691 1168/1375/2709 1164/1367/2681
f 1165/1369/2684 1001/1368/2683 1005/1376/2694
f 1005/1376/2694 1169/1377/2698 1165/1369/2684
f 1006/1386/3063 1170/1379/3064 1166/1371/3059
f 1166/1371/3059 1002/1378/3065 1006/1386/3063
f 1167/1373/3062 1003/1372/3061 1007/1380/3066
f 1007/1380/3066 1171/1381/3067 1167/1373/2704
f 1168/1375/2709 1004/1447/2691 1008/1448/2707
f 1008/1448/2707 1172/1383/2710 1168/1375/2709
f 1169/1377/2698 1005/1376/2694 1009/1384/3068
f 1009/1384/2712 1173/1385/3069 1169/1377/3070
f 1010/1394/3071 1174/1387/3072 1170/1379/3064
f 1170/1379/3064 1006/1386/3063 1010/1394/3071
f 1171/1381/3073 1007/1380/3066 1011/1388/2728
f 1011/1388/2728 1175/1389/2719 1171/1381/3067
f 1172/1383/3074 1008/1448/2707 1012/1449/2720
f 1012/1449/3075 1176/1391/3076 1172/1383/2710
f 1173/1385/3069 1009/1384/2712 1013/1392/3077
f 1013/1392/3078 1177/1393/3079 1173/1385/3069
f 1014/1402/3080 1178/1395/3081 1174/1387/3072
f 1174/1387/2716 1010/1394/3071 1014/1402/2736
f 1175/1389/2719 1011/1388/2728 1015/1396/3082
f 1015/1396/3082 1179/1397/3083 1175/1389/3084
f 1176/1391/2734 1012/1449/3075 1016/1450/2731
f 1016/1450/2731 1180/1399/3085 1176/1391/2734
f 1177/1393/3079 1013/1392/3077 1017/1400/3086
f 1017/1400/3086 1181/1401/2735 1177/1393/3079
f 1182/1410/3087 1018/1403/2738 1178/1395/2726
f 1178/1395/3081 1014/1402/3088 1182/1410/3089
f 1179/1397/3090 1015/1396/3091 1183/1404/3092
f 1183/1404/3092 1019/1405/3093 1179/1397/3094
f 1180/1399/3095 1016/1450/2731 1184/1451/3096
f 1184/1451/3097 1020/1407/2743 1180/1399/3095
f 1181/1401/2735 1017/1400/3086 1185/1408/2744
f 1185/1408/3098 1021/1409/3099 1181/1401/2735
f 1189/1452/3100 1187/1453/3101 1186/1454/3101
f 1186/1454/3101 1188/1455/3100 1189/1452/3100
f 1193/1456/3102 1192/1457/3102 1190/1458/3103
f 1190/1458/3103 1191/1459/3103 1193/1456/3102
f 1195/1460/3104 1186/1461/3104 1187/1462/3104
f 1187/1462/3104 1194/1463/3104 1195/1460/3104
f 1194/1464/3105 1187/1453/3105 1189/1452/3105
f 1189/1452/3105 1196/1465/3105 1194/1464/3105
f 1197/1466/3106 1188/1455/3106 1186/1454/3106
f 1186/1454/3106 1195/1467/3106 1197/1466/3106
f 1195/1460/3104 1194/1463/3104 1191/1468/3104
f 1191/1468/3104 1190/1469/3104 1195/1460/3104
f 1194/1470/3107 1196/1471/3107 1193/1456/3107
f 1193/1456/3107 1191/1459/3107 1194/1470/3107
f 1197/1472/3108 1195/1473/3108 1190/1458/3108
f 1190/1458/3108 1192/1457/3108 1197/1472/3108
f 1207/1474/3109 1204/1475/3109 1205/1476/3110
f 1205/1476/3110 1208/1477/3110 1207/1474/3109
f 1210/1478/3111 1213/1479/3111 1214/1480/3112
f 1214/1480/3112 1211/1481/3112 1210/1478/3111
f 1216/1482/3113 1207/1474/3114 1208/1477/3115
f 1208/1477/3115 1217/1483/3116 1216/1482/3113
f 1204/1475/3117 1219/1484/3118 1220/1485/3119
f 1220/1485/3119 1205/1476/3120 1204/1475/3117
f 1213/1479/3121 1216/1486/3122 1217/1487/3123
f 1217/1487/3123 1214/1480/3124 1213/1479/3121
f 1219/1488/3125 1210/1478/3126 1211/1481/3127
f 1211/1481/3127 1220/1489/3128 1219/1488/3125
f 1209/1490/3129 1206/1491/3130 1198/1492/3131
f 1198/1492/3131 1199/1493/3131 1209/1490/3129
f 1208/1477/3110 1205/1476/3110 1206/1491/3132
f 1206/1491/3132 1209/1490/3133 1208/1477/3110
f 1204/1475/3109 1207/1474/3109 1189/1452/3100
f 1189/1452/3100 1188/1455/3100 1204/1475/3109
f 1212/1494/3134 1215/1495/3135 1201/1496/3136
f 1201/1496/3136 1200/1497/3136 1212/1494/3134
f 1211/1481/3112 1214/1480/3112 1215/1495/3135
f 1215/1495/3135 1212/1494/3137 1211/1481/3112
f 1213/1479/3111 1210/1478/3111 1192/1457/3138
f 1192/1457/3138 1193/1456/3138 1213/1479/3111
f 1218/1498/3139 1209/1490/3140 1199/1493/3141
f 1199/1493/3141 1202/1499/3142 1218/1498/3143
f 1217/1483/3116 1208/1477/3115 1209/1490/3144
f 1209/1490/3140 1218/1498/3139 1217/1483/3116
f 1207/1474/3114 1216/1482/3113 1196/1465/3145
f 1196/1465/3145 1189/1452/3146 1207/1474/3114
f 1206/1491/3147 1221/1500/3148 1203/1501/3149
f 1203/1501/3149 1198/1492/3150 1206/1491/3147
f 1205/1476/3151 1220/1485/3152 1221/1500/3148
f 1221/1500/3148 1206/1491/3147 1205/1476/3151
f 1219/1484/3118 1204/1475/3153 1188/1455/3154
f 1188/1455/3154 1197/1466/3155 1219/1484/3118
f 1215/1495/3156 1218/1502/3157 1202/1503/3158
f 1202/1503/3159 1201/1496/3160 1215/1495/3161
f 1214/1480/3162 1217/1487/3123 1218/1502/3163
f 1218/1502/3163 1215/1495/3156 1214/1480/3162
f 1216/1486/3164 1213/1479/3121 1193/1456/3165
f 1193/1456/3165 1196/1471/3166 1216/1486/3167
f 1221/1504/3168 1212/1494/3169 1200/1497/3170
f 1200/1497/3170 1203/1505/3171 1221/1504/3168
f 1220/1489/3172 1211/1481/3173 1212/1494/3174
f 1212/1494/3174 1221/1504/3175 1220/1489/3172
f 1210/1478/3176 1219/1488/3177 1197/1472/3178
f 1197/1472/3178 1192/1457/3179 1210/1478/3176
f 1222/1506/3180 1235/1507/3180 1226/1508/3180
f 1226/1508/3180 1229/1509/3180 1222/1506/3180
f 1224/1510/3103 1237/1511/3103 1230/1512/3103
f 1230/1512/3103 1233/1513/3103 1224/1510/3103
f 1234/1514/3181 1228/1515/3181 1231/1516/3181
f 1231/1516/3181 1225/1517/3181 1234/1514/3181
f 1236/1518/3182 1232/1519/3182 1227/1520/3182
f 1227/1520/3182 1223/1521/3182 1236/1518/3182
f 1229/1522/3104 1226/1523/3104 1199/1524/3104
f 1199/1524/3104 1198/1525/3104 1229/1522/3104
f 1231/1526/3104 1228/1527/3104 1198/1525/3104
f 1231/1526/3104 1198/1525/3104 1203/1528/3104
f 1231/1526/3104 1203/1528/3104 1200/1529/3104
f 1233/1530/3104 1230/1531/3104 1200/1529/3104
f 1200/1529/3104 1201/1532/3104 1233/1530/3104
f 1227/1533/3104 1232/1534/3104 1201/1532/3104
f 1227/1533/3183 1201/1532/3183 1202/1535/3183
f 1227/1533/3104 1202/1535/3104 1199/1524/3104
f 1199/1524/3104 1226/1523/3104 1227/1533/3104
f 1198/1525/3104 1228/1527/3104 1229/1522/3104
f 1200/1529/3104 1230/1531/3104 1231/1526/3104
f 1201/1532/3104 1232/1534/3104 1233/1530/3104
f 1234/1514/3184 1222/1506/3184 1229/1509/3184
f 1229/1509/3184 1228/1515/3184 1234/1514/3184
f 1235/1536/3185 1223/1521/3185 1227/1520/3185
f 1227/1520/3186 1226/1537/3186 1235/1536/3186
f 1237/1511/3187 1225/1517/3187 1231/1516/3187
f 1231/1516/3187 1230/1512/3187 1237/1511/3187
f 1236/1518/3188 1224/1510/3188 1233/1513/3188
f 1233/1513/3188 1232/1519/3188 1236/1518/3188
f 1236/1538/3189 1223/1539/3189 1235/1540/3189
f 1235/1540/3189 1222/1541/3189 1234/1542/3189
f 1236/1538/3189 1235/1540/3189 1234/1542/3189
f 1234/1542/3189 1225/1543/3189 1237/1544/3189
f 1236/1538/3189 1234/1542/3189 1237/1544/3189
f 1236/1538/3189 1237/1544/3189 1224/1545/3189
usemtl 04_-_Default
f 1287/1546/3190 1278/1547/3191 1279/1548/3192
f 1279/1548/3192 1286/1549/3192 1287/1546/3193
f 1286/1549/3194 1279/1548/3194 1280/1550/3103
f 1280/1550/3195 1293/1551/3103 1286/1549/3194
f 1293/1551/3103 1280/1550/3103 1281/1552/3196
f 1281/1552/3197 1292/1553/3196 1293/1551/3198
f 1292/1553/3199 1281/1552/3199 1282/1554/3200
f 1282/1554/3201 1291/1555/3200 1292/1553/3202
f 1291/1555/3203 1282/1554/3203 1283/1556/3204
f 1283/1556/3204 1290/1557/3204 1291/1555/3203
f 1290/1557/3205 1283/1556/3205 1284/1558/3101
f 1284/1558/3101 1289/1559/3101 1290/1557/3206
f 1289/1560/3180 1284/1561/3180 1285/1562/3207
f 1285/1562/3207 1288/1563/3207 1289/1560/3180
f 1288/1563/3208 1285/1562/3208 1278/1547/3209
f 1278/1547/3209 1287/1546/3209 1288/1563/3208
f 1277/1607/3193 1270/1608/3192 1247/1591/3192
f 1247/1591/3192 1246/1590/3193 1277/1607/3193
f 1270/1608/3274 1271/1609/3103 1248/1592/3103
f 1248/1592/3103 1247/1591/3275 1270/1608/3194
f 1271/1609/3198 1272/1610/3196 1249/1593/3196
f 1249/1593/3196 1248/1592/3198 1271/1609/3198
f 1272/1610/3276 1273/1611/3200 1250/1594/3200
f 1250/1594/3200 1249/1593/3202 1272/1610/3202
f 1273/1611/3203 1274/1612/3204 1251/1595/3204
f 1251/1595/3204 1250/1594/3203 1273/1611/3203
f 1274/1612/3206 1275/1613/3101 1252/1596/3101
f 1252/1596/3101 1251/1595/3206 1274/1612/3206
f 1275/1614/3101 1276/1615/3207 1253/1598/3207
f 1253/1598/3207 1252/1597/3101 1275/1614/3180
f 1276/1615/3236 1277/1607/3209 1246/1590/3209
f 1246/1590/3209 1253/1598/3236 1276/1615/3208
f 1287/1546/3277 1286/1549/3278 1270/1608/3278
f 1270/1608/3278 1277/1607/3277 1287/1546/3277
f 1288/1563/3279 1287/1546/3280 1277/1607/3280
f 1277/1607/3280 1276/1615/3281 1288/1563/3281
f 1289/1560/3282 1288/1563/3283 1276/1615/3283
f 1276/1615/3283 1275/1614/3284 1289/1560/3284
f 1290/1557/3285 1289/1559/3286 1275/1613/3286
f 1275/1613/3282 1274/1612/3285 1290/1557/3285
f 1291/1555/3287 1290/1557/3288 1274/1612/3288
f 1274/1612/3288 1273/1611/3287 1291/1555/3287
f 1292/1553/3289 1291/1555/3290 1273/1611/3290
f 1273/1611/3290 1272/1610/3289 1292/1553/3289
f 1293/1551/3291 1292/1553/3292 1272/1610/3292
f 1272/1610/3292 1271/1609/3293 1293/1551/3294
f 1286/1549/3295 1293/1551/3296 1271/1609/3296
f 1271/1609/3297 1270/1608/3298 1286/1549/3298
f 1343/1616/3299 1334/1617/3299 1335/1618/3300
f 1335/1618/3300 1342/1619/3300 1343/1616/3301
f 1342/1619/3302 1335/1618/3302 1336/1620/3103
f 1336/1620/3195 1349/1621/3103 1342/1619/3302
f 1349/1621/3103 1336/1620/3103 1337/1622/3303
f 1337/1622/3303 1348/1623/3303 1349/1621/3198
f 1348/1623/3304 1337/1622/3305 1338/1624/3306
f 1338/1624/3307 1347/1625/3307 1348/1623/3308
f 1347/1625/3309 1338/1624/3309 1339/1626/3310
f 1339/1626/3310 1346/1627/3310 1347/1625/3309
f 1346/1627/3310 1339/1626/3311 1340/1628/3101
f 1340/1628/3101 1345/1629/3101 1346/1627/3311
f 1345/1630/3180 1340/1631/3180 1341/1632/3312
f 1341/1632/3312 1344/1633/3312 1345/1630/3180
f 1344/1633/3313 1341/1632/3313 1334/1617/3314
f 1334/1617/3314 1343/1616/3314 1344/1633/3315
f 1333/1677/3301 1326/1678/3300 1303/1661/3300
f 1303/1661/3300 1302/1660/3301 1333/1677/3301
f 1326/1678/3302 1327/1679/3103 1304/1662/3103
f 1304/1662/3103 1303/1661/3302 1326/1678/3302
f 1327/1679/3198 1328/1680/3303 1305/1663/3303
f 1305/1663/3384 1304/1662/3198 1327/1679/3198
f 1328/1680/3385 1329/1681/3306 1306/1664/3306
f 1306/1664/3306 1305/1663/3385 1328/1680/3308
f 1329/1681/3337 1330/1682/3310 1307/1665/3310
f 1307/1665/3310 1306/1664/3337 1329/1681/3309
f 1330/1682/3311 1331/1683/3101 1308/1666/3101
f 1308/1666/3101 1307/1665/3311 1330/1682/3311
f 1331/1684/3101 1332/1685/3312 1309/1668/3312
f 1309/1668/3312 1308/1667/3101 1331/1684/3180
f 1332/1685/3344 1333/1677/3330 1302/1660/3314
f 1302/1660/3330 1309/1668/3344 1332/1685/3315
f 1343/1616/3386 1342/1619/3387 1326/1678/3388
f 1326/1678/3388 1333/1677/3386 1343/1616/3389
f 1344/1633/3390 1343/1616/3389 1333/1677/3389
f 1333/1677/3389 1332/1685/3391 1344/1633/3391
f 1345/1630/3392 1344/1633/3390 1332/1685/3393
f 1332/1685/3390 1331/1684/3392 1345/1630/3392
f 1346/1627/3394 1345/1629/3395 1331/1683/3396
f 1331/1683/3396 1330/1682/3397 1346/1627/3397
f 1347/1625/3398 1346/1627/3399 1330/1682/3399
f 1330/1682/3399 1329/1681/3398 1347/1625/3398
f 1348/1623/3400 1347/1625/3401 1329/1681/3402
f 1329/1681/3402 1328/1680/3403 1348/1623/3403
f 1349/1621/3404 1348/1623/3405 1328/1680/3405
f 1328/1680/3405 1327/1679/3404 1349/1621/3404
f 1342/1619/3406 1349/1621/3407 1327/1679/3408
f 1327/1679/3407 1326/1678/3406 1342/1619/3406
usemtl 05_-_Default
f 1266/1564/3210 1267/1565/3211 1268/1566/3212
f 1268/1566/3212 1245/1567/3213 1238/1568/3214
f 1238/1568/3214 1263/1569/3215 1264/1570/3216
f 1268/1566/3212 1238/1568/3214 1264/1570/3216
f 1266/1564/3217 1268/1566/3212 1264/1570/3216
f 1266/1564/3210 1264/1570/3216 1265/1571/3218
f 1254/1572/3219 1255/1573/3192 1239/1574/3220
f 1239/1574/3221 1262/1575/3222 1254/1572/3190
f 1255/1573/3194 1256/1576/3103 1240/1577/3223
f 1240/1577/3223 1239/1574/3221 1255/1573/3194
f 1256/1576/3198 1257/1578/3196 1241/1579/3224
f 1241/1579/3225 1240/1577/3226 1256/1576/3103
f 1257/1578/3202 1258/1580/3200 1242/1581/3227
f 1242/1581/3228 1241/1579/3225 1257/1578/3199
f 1258/1580/3203 1259/1582/3204 1243/1583/3229
f 1243/1583/3230 1242/1581/3227 1258/1580/3203
f 1259/1582/3206 1260/1584/3101 1244/1585/3231
f 1244/1585/3232 1243/1583/3233 1259/1582/3205
f 1260/1586/3101 1261/1587/3207 1269/1588/3234
f 1269/1588/3234 1244/1589/3235 1260/1586/3180
f 1261/1587/3236 1254/1572/3209 1262/1575/3222
f 1262/1575/3222 1269/1588/3237 1261/1587/3208
f 1255/1573/3238 1254/1572/3239 1246/1590/3239
f 1246/1590/3239 1247/1591/3240 1255/1573/3240
f 1256/1576/3241 1255/1573/3242 1247/1591/3242
f 1247/1591/3242 1248/1592/3243 1256/1576/3243
f 1257/1578/3244 1256/1576/3245 1248/1592/3246
f 1248/1592/3246 1249/1593/3244 1257/1578/3244
f 1258/1580/3247 1257/1578/3248 1249/1593/3248
f 1249/1593/3248 1250/1594/3247 1258/1580/3247
f 1259/1582/3249 1258/1580/3250 1250/1594/3250
f 1250/1594/3250 1251/1595/3249 1259/1582/3249
f 1260/1584/3251 1259/1582/3252 1251/1595/3253
f 1251/1595/3254 1252/1596/3251 1260/1584/3255
f 1261/1587/3256 1260/1586/3257 1252/1597/3255
f 1252/1597/3257 1253/1598/3258 1261/1587/3256
f 1254/1572/3259 1261/1587/3260 1253/1598/3258
f 1253/1598/3260 1246/1590/3239 1254/1572/3259
f 1238/1568/3214 1262/1599/3222 1239/1600/3220
f 1239/1600/3220 1263/1569/3215 1238/1568/3214
f 1263/1569/3215 1239/1600/3220 1240/1601/3223
f 1240/1601/3223 1264/1570/3261 1263/1569/3215
f 1264/1570/3262 1240/1601/3223 1241/1602/3263
f 1241/1602/3225 1265/1571/3264 1264/1570/3262
f 1265/1571/3218 1241/1602/3225 1242/1603/3228
f 1242/1603/3228 1266/1564/3265 1265/1571/3266
f 1266/1564/3267 1242/1603/3227 1243/1604/3229
f 1243/1604/3229 1267/1565/3268 1266/1564/3267
f 1267/1565/3269 1243/1604/3229 1244/1605/3232
f 1244/1605/3232 1268/1566/3270 1267/1565/3269
f 1268/1566/3271 1244/1605/3232 1269/1606/3234
f 1269/1606/3234 1245/1567/3272 1268/1566/3271
f 1245/1567/3272 1269/1606/3234 1262/1599/3222
f 1262/1599/3222 1238/1568/3273 1245/1567/3272
f 1322/1634/3316 1323/1635/3317 1324/1636/3318
f 1324/1636/3318 1301/1637/3319 1294/1638/3320
f 1294/1638/3320 1319/1639/3321 1320/1640/3322
f 1324/1636/3323 1294/1638/3320 1320/1640/3322
f 1322/1634/3324 1324/1636/3325 1320/1640/3322
f 1322/1634/3324 1320/1640/3322 1321/1641/3326
f 1310/1642/3301 1311/1643/3300 1295/1644/3327
f 1295/1644/3328 1318/1645/3329 1310/1642/3330
f 1311/1643/3302 1312/1646/3103 1296/1647/3331
f 1296/1647/3331 1295/1644/3332 1311/1643/3302
f 1312/1646/3198 1313/1648/3303 1297/1649/3333
f 1297/1649/3334 1296/1647/3331 1312/1646/3103
f 1313/1648/3304 1314/1650/3306 1298/1651/3335
f 1298/1651/3335 1297/1649/3336 1313/1648/3304
f 1314/1650/3337 1315/1652/3310 1299/1653/3338
f 1299/1653/3339 1298/1651/3335 1314/1650/3309
f 1315/1652/3311 1316/1654/3101 1300/1655/3340
f 1300/1655/3341 1299/1653/3339 1315/1652/3310
f 1316/1656/3101 1317/1657/3312 1325/1658/3342
f 1325/1658/3343 1300/1659/3340 1316/1656/3180
f 1317/1657/3344 1310/1642/3330 1318/1645/3329
f 1318/1645/3345 1325/1658/3346 1317/1657/3313
f 1311/1643/3347 1310/1642/3348 1302/1660/3348
f 1302/1660/3348 1303/1661/3347 1311/1643/3349
f 1312/1646/3350 1311/1643/3351 1303/1661/3351
f 1303/1661/3351 1304/1662/3350 1312/1646/3350
f 1313/1648/3352 1312/1646/3353 1304/1662/3350
f 1304/1662/3354 1305/1663/3352 1313/1648/3352
f 1314/1650/3355 1313/1648/3356 1305/1663/3356
f 1305/1663/3356 1306/1664/3357 1314/1650/3357
f 1315/1652/3358 1314/1650/3359 1306/1664/3360
f 1306/1664/3359 1307/1665/3361 1315/1652/3362
f 1316/1654/3363 1315/1652/3358 1307/1665/3364
f 1307/1665/3358 1308/1666/3363 1316/1654/3363
f 1317/1657/3365 1316/1656/3366 1308/1667/3363
f 1308/1667/3367 1309/1668/3365 1317/1657/3368
f 1310/1642/3369 1317/1657/3368 1309/1668/3368
f 1309/1668/3370 1302/1660/3369 1310/1642/3369
f 1294/1638/3320 1318/1669/3329 1295/1670/3327
f 1295/1670/3327 1319/1639/3371 1294/1638/3320
f 1319/1639/3371 1295/1670/3327 1296/1671/3331
f 1296/1671/3331 1320/1640/3322 1319/1639/3372
f 1320/1640/3373 1296/1671/3331 1297/1672/3333
f 1297/1672/3336 1321/1641/3374 1320/1640/3375
f 1321/1641/3376 1297/1672/3336 1298/1673/3377
f 1298/1673/3335 1322/1634/3378 1321/1641/3376
f 1322/1634/3378 1298/1673/3335 1299/1674/3338
f 1299/1674/3338 1323/1635/3379 1322/1634/3378
f 1323/1635/3379 1299/1674/3338 1300/1675/3380
f 1300/1675/3380 1324/1636/3318 1323/1635/3379
f 1324/1636/3318 1300/1675/3340 1325/1676/3343
f 1325/1676/3343 1301/1637/3381 1324/1636/3318
f 1301/1637/3319 1325/1676/3343 1318/1669/3329
f 1318/1669/3382 1294/1638/3383 1301/1637/3381
